한글명,추가명,종목코드,표준코드,시장
1Q 200액티브,,451060,KR7451060008,KOSPI
1Q CD금리액티브(합성),,491610,KR7491610002,KOSPI
1Q K소버린AI,,0103T0,KR70103T0007,KOSPI
1Q 단기금융채액티브,,463290,KR7463290007,KOSPI
1Q 단기특수은행채액티브,,0131W0,KR70131W0008,KOSPI
1Q 머니마켓액티브,,479080,KR7479080004,KOSPI
1Q 미국S&P500,,0026S0,KR70026S0002,KOSPI
1Q 미국S&P500미국채혼합50액티브,,0052S0,KR70052S0009,KOSPI
1Q 미국나스닥100,,0069M0,KR70069M0006,KOSPI
1Q 미국나스닥100미국채혼합50액티브,,0111P0,KR70111P0001,KOSPI
1Q 미국메디컬AI,,0083S0,KR70083S0002,KOSPI
1Q 미국배당TOP30,,0004G0,KR70004G0002,KOSPI
1Q 미국우주항공테크,,0131V0,KR70131V0009,KOSPI
1Q 샤오미밸류체인액티브,,0094X0,KR70094X0002,KOSPI
1Q 종합채권(AA-이상)액티브,,0017Y0,KR70017Y0005,KOSPI
1Q 중단기회사채(A-이상)액티브,,0052T0,KR70052T0008,KOSPI
1Q 차이나H(H),,472350,KR7472350008,KOSPI
1Q 코리아밸류업,,495330,KR7495330003,KOSPI
1Q 현대차그룹채권(A+이상)&국고통안,,492500,KR7492500004,KOSPI
3S,삼에스,060310,KR7060310000,KOSDAQ
ACE 11월만기자동연장회사채AA-이상액티브,,473440,KR7473440006,KOSPI
ACE 200,,105190,KR7105190003,KOSPI
ACE 200TR,,332500,KR7332500008,KOSPI
ACE 26-06 회사채(AA-이상)액티브,,461270,KR7461270001,KOSPI
ACE 2월만기자동연장회사채AA-이상액티브,,475260,KR7475260006,KOSPI
ACE 2차전지&친환경차액티브,,385600,KR7385600002,KOSPI
ACE 5월만기자동연장회사채AA-이상액티브,,475270,KR7475270005,KOSPI
ACE 8월만기자동연장회사채AA-이상액티브,,475280,KR7475280004,KOSPI
ACE AI반도체포커스,,469150,KR7469150007,KOSPI
ACE BYD밸류체인액티브,,0079X0,KR70079X0001,KOSPI
ACE ESG액티브,,385590,KR7385590005,KOSPI
ACE FTSE WGBI Korea,,0010E0,KR70010E0006,KOSPI
ACE Fn성장소비주도주,,226380,KR7226380004,KOSPI
ACE KPOP포커스,,475050,KR7475050001,KOSPI
ACE KRX금현물,,411060,KR7411060007,KOSPI
ACE MSCI멕시코(합성),,291130,KR7291130003,KOSPI
ACE MSCI인도네시아(합성),,256440,KR7256440009,KOSPI
ACE MSCI필리핀(합성),,261920,KR7261920003,KOSPI
ACE TDF2030액티브,,0021D0,KR70021D0004,KOSPI
ACE TDF2050액티브,,0021E0,KR70021E0003,KOSPI
ACE 고배당주,,0139P0,KR70139P0009,KOSPI
ACE 골드선물 레버리지(합성 H),,225130,KR7225130004,KOSPI
ACE 구글밸류체인액티브,,483340,KR7483340006,KOSPI
ACE 국고채10년,,365780,KR7365780006,KOSPI
ACE 국고채3년,,114460,KR7114460009,KOSPI
ACE 글로벌AI맞춤형반도체,,494340,KR7494340003,KOSPI
ACE 글로벌반도체TOP4 Plus,,446770,KR7446770000,KOSPI
ACE 글로벌브랜드TOP10,,435040,KR7435040001,KOSPI
ACE 글로벌빅파마,,497510,KR7497510008,KOSPI
ACE 글로벌인컴TOP10,,460960,KR7460960008,KOSPI
ACE 글로벌자율주행액티브,,414270,KR7414270009,KOSPI
ACE 단기채권알파액티브,,440640,KR7440640001,KOSPI
ACE 단기통안채,,190620,KR7190620005,KOSPI
ACE 라이프자산주주가치액티브,,494330,KR7494330004,KOSPI
ACE 러시아MSCI(합성),,265690,KR7265690008,KOSPI
ACE 레버리지,,152500,KR7152500005,KOSPI
ACE 리츠부동산인프라액티브,,0153P0,KR70153P0000,KOSPI
ACE 마이크로소프트밸류체인액티브,,483330,KR7483330007,KOSPI
ACE 머니마켓액티브,,487340,KR7487340002,KOSPI
ACE 미국10년국채액티브,,0085P0,KR70085P0003,KOSPI
ACE 미국10년국채액티브(H),,0085N0,KR70085N0005,KOSPI
ACE 미국30년국채선물레버리지(합성 H),,452250,KR7452250004,KOSPI
ACE 미국30년국채액티브,,476760,KR7476760004,KOSPI
ACE 미국30년국채액티브(H),,453850,KR7453850000,KOSPI
ACE 미국30년국채엔화노출액티브(H),,476750,KR7476750005,KOSPI
ACE 미국500데일리타겟커버드콜(합성),,480030,KR7480030006,KOSPI
ACE 미국AI테크핵심산업액티브,,0118Z0,KR70118Z0002,KOSPI
ACE 미국IT인터넷(합성 H),,280320,KR7280320003,KOSPI
ACE 미국S&P500,,360200,KR7360200000,KOSPI
ACE 미국S&P500미국채혼합50액티브,,438080,KR7438080004,KOSPI
ACE 미국SMR원자력TOP10,,0155M0,KR70155M0001,KOSPI
ACE 미국WideMoat동일가중,,309230,KR7309230001,KOSPI
ACE 미국나스닥100,,367380,KR7367380003,KOSPI
ACE 미국나스닥100미국채혼합50액티브,,438100,KR7438100000,KOSPI
ACE 미국달러SOFR금리(합성),,456880,KR7456880004,KOSPI
ACE 미국달러단기채권액티브,,440650,KR7440650000,KOSPI
ACE 미국대형가치주액티브,,0127M0,KR70127M0006,KOSPI
ACE 미국대형성장주액티브,,0127P0,KR70127P0003,KOSPI
ACE 미국반도체데일리타겟커버드콜(합성),,480040,KR7480040005,KOSPI
ACE 미국배당다우존스,,402970,KR7402970008,KOSPI
ACE 미국배당퀄리티,,0046Y0,KR70046Y0000,KOSPI
ACE 미국배당퀄리티+커버드콜액티브,,0049M0,KR70049M0001,KOSPI
ACE 미국배당퀄리티채권혼합50,,0049K0,KR70049K0003,KOSPI
ACE 미국부동산리츠(합성 H),,181480,KR7181480005,KOSPI
ACE 미국빅테크7+데일리타겟커버드콜(합성,,480020,KR7480020007,KOSPI
ACE 미국빅테크TOP7 Plus,,465580,KR7465580009,KOSPI
ACE 미국빅테크TOP7 Plus레버리지(합성),,465610,KR7465610004,KOSPI
ACE 미국빅테크TOP7 Plus인버스(합성),,465620,KR7465620003,KOSPI
ACE 미국주식베스트셀러,,473590,KR7473590008,KOSPI
ACE 미국중심중소형제조업,,0008E0,KR70008E0000,KOSPI
ACE 미국친환경그린테마,,391600,KR7391600004,KOSPI
ACE 미국하이일드액티브(H),,455660,KR7455660001,KOSPI
ACE 베트남VN30(합성),,245710,KR7245710009,KOSPI
ACE 삼성그룹동일가중,,131890,KR7131890006,KOSPI
ACE 삼성그룹섹터가중,,108450,KR7108450008,KOSPI
ACE 싱가포르리츠,,316300,KR7316300003,KOSPI
ACE 아시아TOP50,,277540,KR7277540001,KOSPI
ACE 애플밸류체인액티브,,483420,KR7483420006,KOSPI
ACE 엔비디아밸류체인액티브,,483320,KR7483320008,KOSPI
ACE 엔비디아채권혼합,,448540,KR7448540005,KOSPI
ACE 우량회사채(AA-이상)액티브,,0099L0,KR70099L0001,KOSPI
ACE 원자력TOP10,,433500,KR7433500006,KOSPI
ACE 유럽방산TOP10,,0102X0,KR70102X0002,KOSPI
ACE 인도시장대표BIG5그룹액티브,,487920,KR7487920001,KOSPI
ACE 인도컨슈머파워액티브,,487910,KR7487910002,KOSPI
ACE 인버스,,145670,KR7145670006,KOSPI
ACE 일라이릴리밸류체인,,497520,KR7497520007,KOSPI
ACE 일본Nikkei225(H),,238720,KR7238720007,KOSPI
ACE 일본TOPIX레버리지(H),,196030,KR7196030001,KOSPI
ACE 일본TOPIX인버스(합성 H),,205720,KR7205720006,KOSPI
ACE 일본반도체,,469160,KR7469160006,KOSPI
ACE 장기자산배분액티브,,0021C0,KR70021C0005,KOSPI
ACE 종합채권(AA-이상)액티브,,356540,KR7356540005,KOSPI
ACE 주주환원가치주액티브,,447430,KR7447430000,KOSPI
ACE 중국과창판STAR50,,416090,KR7416090009,KOSPI
ACE 중국본토CSI300,,168580,KR7168580009,KOSPI
ACE 중국본토CSI300레버리지(합성),,219900,KR7219900008,KOSPI
ACE 중장기국공채액티브,,272910,KR7272910001,KOSPI
ACE 차이나AI빅테크TOP2+액티브,,0087F0,KR70087F0003,KOSPI
ACE 차이나항셍테크,,371870,KR7371870007,KOSPI
ACE 코리아AI테크핵심산업,,380340,KR7380340000,KOSPI
ACE 코리아밸류업,,496120,KR7496120007,KOSPI
ACE 코스닥150,,354500,KR7354500001,KOSPI
ACE 코스피,,305050,KR7305050007,KOSPI
ACE 테슬라밸류체인액티브,,457480,KR7457480002,KOSPI
ACE 포스코그룹포커스,,469170,KR7469170005,KOSPI
AJ네트웍스,에이제이네트웍스,095570,KR7095570008,KOSPI
AK홀딩스,에이케이홀딩스,006840,KR7006840003,KOSPI
APS,APS홀딩스,054620,KR7054620000,KOSDAQ
AP시스템,,265520,KR7265520007,KOSDAQ
AP위성,,211270,KR7211270004,KOSDAQ
BF랩스,BFLABS,139050,KR7139050009,KOSDAQ
BGF,,027410,KR7027410000,KOSPI
BGF리테일,,282330,KR7282330000,KOSPI
BGF에코머티리얼즈,,126600,KR7126600006,KOSDAQ
BNK 26-06 특수채(AAA이상)액티브,,495710,KR7495710006,KOSPI
BNK 2차전지양극재,,466810,KR7466810009,KOSPI
BNK 미래전략기술액티브,,457930,KR7457930006,KOSPI
BNK 온디바이스AI,,487750,KR7487750002,KOSPI
BNK 주주가치액티브,,445690,KR7445690001,KOSPI
BNK 카카오그룹포커스,,0120J0,KR70120J0008,KOSPI
BNK금융지주,,138930,KR7138930003,KOSPI
BYC,비와이씨,001460,KR7001460005,KOSPI
BYC우,,001465,KR7001461003,KOSPI
CG인바이츠,,083790,KR7083790006,KOSDAQ
CJ,,001040,KR7001040005,KOSPI
CJ CGV,CGV,079160,KR7079160008,KOSPI
CJ ENM,CJ E&M,035760,KR7035760008,KOSDAQ
CJ 바이오사이언스,CJ바이오,311690,KR7311690002,KOSDAQ
CJ4우(전환),,00104K,KR700104K010,KOSPI
CJ대한통운,대한통운,000120,KR7000120006,KOSPI
CJ씨푸드,삼호F&G,011150,KR7011150000,KOSPI
CJ씨푸드1우,,011155,KR7011151008,KOSPI
CJ우,,001045,KR7001041003,KOSPI
CJ제일제당,,097950,KR7097950000,KOSPI
CJ제일제당 우,,097955,KR7097951008,KOSPI
CJ프레시웨이,프레시웨이,051500,KR7051500007,KOSDAQ
CMG제약,,058820,KR7058820002,KOSDAQ
CNT85,,056730,KR7056730005,KOSDAQ
CR홀딩스,,000480,KR7000480004,KOSPI
CS,,065770,KR7065770000,KOSDAQ
CSA 코스믹,,083660,KR7083660001,KOSDAQ
CS홀딩스,,000590,KR7000590000,KOSPI
DAISHIN343 AI반도체&인프라액티브,,486240,KR7486240005,KOSPI
DAISHIN343 K200,,434960,KR7434960001,KOSPI
DB,,012030,KR7012030003,KOSPI
DB금융스팩12호,,477760,KR7477760003,KOSDAQ
DB손해보험,동부화재/DB손보,005830,KR7005830005,KOSPI
DB증권,DB금융투자/동부증권,016610,KR7016610008,KOSPI
DB하이텍,동부하이텍,000990,KR7000990002,KOSPI
DGI,,099520,KR7099520009,KOSDAQ
DH오토넥스,대유플러스,000300,KR7000300004,KOSPI
DH오토리드,대유에이피,290120,KR7290120005,KOSDAQ
DH오토웨어,대성엘텍,025440,KR7025440009,KOSDAQ
DI동일,동일방직,001530,KR7001530005,KOSPI
DKME,대경기계,015590,KR7015590003,KOSPI
DL,,000210,KR7000210005,KOSPI
DL우,,000215,KR7000211003,KOSPI
DL이앤씨,,375500,KR7375500006,KOSPI
DL이앤씨2우(전환),,37550L,KR737550K029,KOSPI
DL이앤씨우,,37550K,KR737550K011,KOSPI
DMS,,068790,KR7068790005,KOSDAQ
DN오토모티브,,007340,KR7007340003,KOSPI
DRB동일,,004840,KR7004840005,KOSPI
DSC인베스트먼트,,241520,KR7241520006,KOSDAQ
DSR,,155660,KR7155660004,KOSPI
DSR제강,,069730,KR7069730000,KOSPI
DS단석,,017860,KR7017860008,KOSPI
DXVX,디엑스앤브이엑스,180400,KR7180400004,KOSDAQ
DYP,,092780,KR7092780006,KOSPI
E1,,017940,KR7017940008,KOSPI
E8,이에이트/E8IGHT,418620,KR7418620001,KOSDAQ
EDGC,이원다이애그노믹스,245620,KR7245620000,KOSDAQ
EG,,037370,KR7037370004,KOSDAQ
EMB,,278990,KR7278990007,KONEX
ESR켄달스퀘어리츠,,365550,KR7365550003,KOSPI
ES큐브,,050120,KR7050120005,KOSDAQ
F&F,,383220,KR7383220001,KOSPI
F&F홀딩스,,007700,KR7007700008,KOSPI
FOCUS 200,,0098Z0,KR70098Z0006,KOSPI
FOCUS AI코리아액티브,,448570,KR7448570002,KOSPI
FOCUS ESG리더스,,285690,KR7285690004,KOSPI
FOCUS 알리바바미국채커버드콜혼합,,0073X0,KR70073X0007,KOSPI
FSN,,214270,KR7214270001,KOSDAQ
GH신소재,,130500,KR7130500002,KOSDAQ
GKL,그랜드코리아레저,114090,KR7114090004,KOSPI
GS,,078930,KR7078930005,KOSPI
GST,글로벌스탠다드테크놀로지,083450,KR7083450007,KOSDAQ
GS건설,,006360,KR7006360002,KOSPI
GS글로벌,,001250,KR7001250000,KOSPI
GS리테일,,007070,KR7007070006,KOSPI
GS우,,078935,KR7078931003,KOSPI
GS피앤엘,,499790,KR7499790004,KOSPI
HANARO 200,,293180,KR7293180006,KOSPI
HANARO 200 TOP10,,407310,KR7407310002,KOSPI
HANARO 200TR,,332930,KR7332930007,KOSPI
HANARO 200선물레버리지,,304780,KR7304780000,KOSPI
HANARO 200선물인버스,,306520,KR7306520008,KOSPI
HANARO 26-12 은행채(AA+이상)액티브,,0123S0,KR70123S0004,KOSPI
HANARO 27-06 회사채(AA-이상)액티브,,0091M0,KR70091M0008,KOSPI
HANARO 32-10 국고채액티브,,448490,KR7448490003,KOSPI
HANARO CAPEX설비투자iSelect,,454320,KR7454320003,KOSPI
HANARO Fn K-POP&미디어,,395290,KR7395290000,KOSPI
HANARO Fn K-게임,,395280,KR7395280001,KOSPI
HANARO Fn K-뉴딜디지털플러스,,368190,KR7368190005,KOSPI
HANARO Fn K-메타버스MZ,,402460,KR7402460000,KOSPI
HANARO Fn K-반도체,,395270,KR7395270002,KOSPI
HANARO Fn K-푸드,,438900,KR7438900003,KOSPI
HANARO Fn5G산업,,367740,KR7367740008,KOSPI
HANARO Fn골프테마,,407300,KR7407300003,KOSPI
HANARO Fn전기&수소차,,381560,KR7381560002,KOSPI
HANARO Fn조선해운,,441540,KR7441540002,KOSPI
HANARO Fn친환경에너지,,381570,KR7381570001,KOSPI
HANARO K-뷰티,,479850,KR7479850000,KOSPI
HANARO KOFR금리액티브(합성),,453060,KR7453060006,KOSPI
HANARO KRX300,,304760,KR7304760002,KOSPI
HANARO K고배당,,322410,KR7322410002,KOSPI
HANARO MSCI Korea TR,,332940,KR7332940006,KOSPI
HANARO e커머스,,322400,KR7322400003,KOSPI
HANARO 글로벌금채굴기업,,473640,KR7473640001,KOSPI
HANARO 글로벌럭셔리S&P(합성),,354350,KR7354350001,KOSPI
HANARO 글로벌생성형AI액티브,,461340,KR7461340002,KOSPI
HANARO 글로벌워터MSCI(합성),,424460,KR7424460004,KOSPI
HANARO 글로벌탄소배출권선물ICE(합성),,401590,KR7401590005,KOSPI
HANARO 글로벌피지컬AI액티브,,0040S0,KR70040S0004,KOSPI
HANARO 농업융복합산업,,314700,KR7314700006,KOSPI
HANARO 머니마켓액티브,,486830,KR7486830003,KOSPI
HANARO 미국S&P500,,432840,KR7432840007,KOSPI
HANARO 바이오코리아액티브,,498050,KR7498050004,KOSPI
HANARO 반도체핵심공정주도주,,476260,KR7476260005,KOSPI
HANARO 원자력iSelect,,434730,KR7434730008,KOSPI
HANARO 유럽방산,,0082F0,KR70082F0008,KOSPI
HANARO 전력설비투자,,491820,KR7491820007,KOSPI
HANARO 종합채권(AA-이상)액티브,,461500,KR7461500001,KOSPI
HANARO 증권고배당TOP3플러스,,0111J0,KR70111J0009,KOSPI
HANARO 코리아밸류업,,495750,KR7495750002,KOSPI
HANARO 코스닥150,,304770,KR7304770001,KOSPI
HANARO 코스닥150선물레버리지,,306530,KR7306530007,KOSPI
HANARO 탄소효율그린뉴딜,,375760,KR7375760006,KOSPI
HB솔루션,,297890,KR7297890006,KOSDAQ
HB인베스트먼트,,440290,KR7440290005,KOSDAQ
HB테크놀러지,,078150,KR7078150000,KOSDAQ
HC보광산업,,225530,KR7225530005,KOSDAQ
HC홈센타,,060560,KR7060560000,KOSDAQ
HDC,,012630,KR7012630000,KOSPI
HDC랩스,,039570,KR7039570007,KOSPI
HDC현대EP,,089470,KR7089470009,KOSPI
HDC현대산업개발,,294870,KR7294870001,KOSPI
HD건설기계,,267270,KR7267270007,KOSPI
HD한국조선해양,,009540,KR7009540006,KOSPI
HD현대,,267250,KR7267250009,KOSPI
HD현대마린솔루션,,443060,KR7443060009,KOSPI
HD현대마린엔진,,071970,KR7071970008,KOSPI
HD현대에너지솔루션,,322000,KR7322000001,KOSPI
HD현대일렉트릭,,267260,KR7267260008,KOSPI
HD현대중공업,,329180,KR7329180004,KOSPI
HEM파마,HEM파마,376270,KR7376270005,KOSDAQ
HJ중공업,,097230,KR7097230007,KOSPI
HK 200,,491700,KR7491700001,KOSPI
HK 26-12 회사채(AA-이상)액티브,,0000Y0,KR70000Y0004,KOSPI
HK S&P코리아로우볼,,215620,KR7215620006,KOSPI
HK 머니마켓액티브,,0113P0,KR70113P0009,KOSPI
HK 베스트일레븐액티브,,391670,KR7391670007,KOSPI
HK 종합채권(AA-이상)액티브,,472920,KR7472920008,KOSPI
HK이노엔,,195940,KR7195940002,KOSDAQ
HL D&I,,014790,KR7014790000,KOSPI
HLB,,028300,KR7028300002,KOSDAQ
HLB글로벌,,003580,KR7003580008,KOSPI
HLB바이오스텝,,278650,KR7278650007,KOSDAQ
HLB생명과학,,067630,KR7067630004,KOSDAQ
HLB이노베이션,,024850,KR7024850000,KOSDAQ
HLB제넥스,,187420,KR7187420005,KOSDAQ
HLB제약,,047920,KR7047920004,KOSDAQ
HLB테라퓨틱스,,115450,KR7115450009,KOSDAQ
HLB파나진,,046210,KR7046210001,KOSDAQ
HLB펩,,196300,KR7196300008,KOSDAQ
HL만도,,204320,KR7204320006,KOSPI
HL홀딩스,,060980,KR7060980000,KOSPI
HMM,현대상선,011200,KR7011200003,KOSPI
HPSP,,403870,KR7403870009,KOSDAQ
HRS,,036640,KR7036640001,KOSDAQ
HS애드,,035000,KR7035000009,KOSPI
HS화성,,002460,KR7002460004,KOSPI
HS효성,,487570,KR7487570004,KOSPI
HS효성첨단소재,,298050,KR7298050006,KOSPI
IBKS제23호스팩,,467930,KR7467930004,KOSDAQ
IBKS제24호스팩,,469480,KR7469480008,KOSDAQ
IBKS제25호스팩,,0099X0,KR70099X0007,KOSDAQ
INVENI,인베니/예스코홀딩스,015360,KR7015360001,KOSPI
ISC,,095340,KR7095340006,KOSDAQ
ITF 200,,472840,KR7472840008,KOSPI
ITF K-AI반도체코어테크,,0005G0,KR70005G0001,KOSPI
ITF 중기종합채권(AA-이상)액티브,,0135Y0,KR70135Y0002,KOSPI
JB금융지주,,175330,KR7175330000,KOSPI
JTC,,950170,KR8392080006,KOSDAQ
JW생명과학,,234080,KR7234080000,KOSPI
JW신약,,067290,KR7067290007,KOSDAQ
JW중외제약,,001060,KR7001060003,KOSPI
JW중외제약2우B,,001067,KR7001062009,KOSPI
JW중외제약우,,001065,KR7001061001,KOSPI
JW홀딩스,,096760,KR7096760004,KOSPI
JYP Ent.,JYP,035900,KR7035900000,KOSDAQ
KBG,,318000,KR7318000007,KOSDAQ
KBI동양철관,,008970,KR7008970006,KOSPI
KBI메탈,,024840,KR7024840001,KOSDAQ
KB금융,,105560,KR7105560007,KOSPI
KB발해인프라,,415640,KR7415640002,KOSPI
KB스타리츠,,432320,KR7432320000,KOSPI
KB오토시스,,024120,KR7024120008,KOSDAQ
KB제27호스팩,,464680,KR7464680008,KOSDAQ
KB제29호스팩,,478390,KR7478390008,KOSDAQ
KB제30호스팩,,486630,KR7486630007,KOSDAQ
KB제31호스팩,,492220,KR7492220009,KOSDAQ
KB제32호스팩,,0037T0,KR70037T0008,KOSDAQ
KB제33호스팩,,0072Z0,KR70072Z0006,KOSDAQ
KCC,,002380,KR7002380004,KOSPI
KCC건설,,021320,KR7021320007,KOSDAQ
KCC글라스,,344820,KR7344820006,KOSPI
KCGI 미국S&P500 TOP10,,483570,KR7483570008,KOSPI
KCTC,,009070,KR7009070004,KOSPI
KC그린홀딩스,,009440,KR7009440009,KOSPI
KC산업,,112190,KR7112190004,KONEX
KC코트렐,,119650,KR7119650000,KOSPI
KD,,044180,KR7044180008,KOSDAQ
KEC,,092220,KR7092220003,KOSPI
KG모빌리언스,,046440,KR7046440004,KOSDAQ
KG모빌리티,,003620,KR7003620002,KOSPI
KG스틸,,016380,KR7016380008,KOSPI
KG에코솔루션,,151860,KR7151860004,KOSDAQ
KG이니시스,,035600,KR7035600006,KOSDAQ
KG케미칼,,001390,KR7001390004,KOSPI
KH바텍,,060720,KR7060720000,KOSDAQ
KISCO홀딩스,,001940,KR7001940006,KOSPI
KIWOOM 200,,069660,KR7069660009,KOSPI
KIWOOM 200TR,,294400,KR7294400007,KOSPI
KIWOOM 200선물레버리지,,253250,KR7253250005,KOSPI
KIWOOM 200선물인버스,,253240,KR7253240006,KOSPI
KIWOOM 200선물인버스2X,,253230,KR7253230007,KOSPI
KIWOOM 26-09회사채(AA-이상)액티브,,464240,KR7464240001,KOSPI
KIWOOM CD금리액티브(합성),,458210,KR7458210002,KOSPI
KIWOOM Fn유전자혁신기술,,460280,KR7460280001,KOSPI
KIWOOM K-2차전지북미공급망,,488200,KR7488200007,KOSPI
KIWOOM K-반도체북미공급망,,488210,KR7488210006,KOSPI
KIWOOM K-테크TOP10,,469790,KR7469790000,KOSPI
KIWOOM KRX100,,100910,KR7100910009,KOSPI
KIWOOM TDF2030액티브,,435530,KR7435530001,KOSPI
KIWOOM TDF2040액티브,,435540,KR7435540000,KOSPI
KIWOOM TDF2050액티브,,435550,KR7435550009,KOSPI
KIWOOM 고배당,,104530,KR7104530001,KOSPI
KIWOOM 국고채10년,,148070,KR7148070006,KOSPI
KIWOOM 국고채10년레버리지,,167860,KR7167860006,KOSPI
KIWOOM 국고채30년액티브,,471460,KR7471460006,KOSPI
KIWOOM 국고채3년,,114470,KR7114470008,KOSPI
KIWOOM 글로벌AI반도체,,473490,KR7473490001,KOSPI
KIWOOM 글로벌전력GRID인프라,,489860,KR7489860007,KOSPI
KIWOOM 글로벌퓨처모빌리티,,394350,KR7394350003,KOSPI
KIWOOM 단기자금,,130730,KR7130730005,KOSPI
KIWOOM 단기채권ESG액티브,,419890,KR7419890009,KOSPI
KIWOOM 독일DAX,,411860,KR7411860000,KOSPI
KIWOOM 머니마켓액티브,,476450,KR7476450002,KOSPI
KIWOOM 물가채KIS,,430500,KR7430500009,KOSPI
KIWOOM 미국ETF산업STOXX,,426330,KR7426330007,KOSPI
KIWOOM 미국S&P500,,449770,KR7449770007,KOSPI
KIWOOM 미국S&P500 TOP10&배당다우비중전,,0127V0,KR70127V0005,KOSPI
KIWOOM 미국S&P500&GOLD,,0137W0,KR70137W0002,KOSPI
KIWOOM 미국S&P500&배당다우존스비중전환,,0127T0,KR70127T0009,KOSPI
KIWOOM 미국S&P500(H),,449780,KR7449780006,KOSPI
KIWOOM 미국S&P500모멘텀,,0137V0,KR70137V0003,KOSPI
KIWOOM 미국고배당&AI테크,,0107F0,KR70107F0009,KOSPI
KIWOOM 미국나스닥100(H),,453080,KR7453080004,KOSPI
KIWOOM 미국달러SOFR금리액티브(합성),,460270,KR7460270002,KOSPI
KIWOOM 미국달러선물,,138230,KR7138230008,KOSPI
KIWOOM 미국달러선물레버리지,,225800,KR7225800002,KOSPI
KIWOOM 미국달러선물인버스,,139660,KR7139660005,KOSPI
KIWOOM 미국달러선물인버스2X,,230480,KR7230480006,KOSPI
KIWOOM 미국대형주500월간목표헤지액티브,,0084E0,KR70084E0007,KOSPI
KIWOOM 미국방어배당성장나스닥,,373790,KR7373790005,KOSPI
KIWOOM 미국블록버스터바이오테크의약품+,,483030,KR7483030003,KOSPI
KIWOOM 미국성장기업30액티브,,459790,KR7459790002,KOSPI
KIWOOM 미국양자컴퓨팅,,498270,KR7498270008,KOSPI
KIWOOM 미국원유에너지기업,,474800,KR7474800000,KOSPI
KIWOOM 미국테크100월간목표헤지액티브,,0084D0,KR70084D0008,KOSPI
KIWOOM 블루칩,,104520,KR7104520002,KOSPI
KIWOOM 엔비디아미국30년국채혼합액티브(H,,0015E0,KR70015E0001,KOSPI
KIWOOM 의료AI,,483020,KR7483020004,KOSPI
KIWOOM 인도Nifty50(합성),,200250,KR7200250009,KOSPI
KIWOOM 종합채권(AA-이상)액티브,,454780,KR7454780008,KOSPI
KIWOOM 차이나A50커넥트MSCI,,441330,KR7441330008,KOSPI
KIWOOM 차이나내수소비TOP CSI,,454180,KR7454180001,KOSPI
KIWOOM 코리아밸류업,,496090,KR7496090002,KOSPI
KIWOOM 코스닥150,,316670,KR7316670009,KOSPI
KIWOOM 코스닥150선물레버리지,,291630,KR7291630002,KOSPI
KIWOOM 코스닥150선물인버스,,291620,KR7291620003,KOSPI
KIWOOM 코스피100,,153270,KR7153270004,KOSPI
KIWOOM 통안채1년,,122260,KR7122260003,KOSPI
KIWOOM 팔란티어미국30년국채혼합액티브(H,,0015F0,KR70015F0000,KOSPI
KIWOOM 한국고배당&미국AI테크,,0097L0,KR70097L0003,KOSPI
KNN,,058400,KR7058400003,KOSDAQ
KODEX 200,,069500,KR7069500007,KOSPI
KODEX 200 중소형,,226980,KR7226980001,KOSPI
KODEX 200ESG,,337160,KR7337160006,KOSPI
KODEX 200IT TR,,363580,KR7363580002,KOSPI
KODEX 200TR,,278530,KR7278530001,KOSPI
KODEX 200exTOP,,337150,KR7337150007,KOSPI
KODEX 200가치저변동,,223190,KR7223190000,KOSPI
KODEX 200동일가중,,252650,KR7252650007,KOSPI
KODEX 200롱코스닥150숏선물,,360140,KR7360140008,KOSPI
KODEX 200미국채혼합,,284430,KR7284430006,KOSPI
KODEX 200선물인버스2X,,252670,KR7252670005,KOSPI
KODEX 200액티브,,494890,KR7494890007,KOSPI
KODEX 200타겟위클리커버드콜,,498400,KR7498400001,KOSPI
KODEX 26-12 금융채(AA-이상)액티브,,0117L0,KR70117L0009,KOSPI
KODEX 26-12 회사채(AA-이상)액티브,,473290,KR7473290005,KOSPI
KODEX 27-12 회사채(AA-이상)액티브,,0007F0,KR70007F0000,KOSPI
KODEX 28-12 회사채(AA-이상)액티브,,0119H0,KR70119H0003,KOSPI
KODEX 2차전지산업,,305720,KR7305720005,KOSPI
KODEX 2차전지산업레버리지,,462330,KR7462330002,KOSPI
KODEX 2차전지핵심소재10,,461950,KR7461950008,KOSPI
KODEX 33-06 국고채액티브,,457690,KR7457690006,KOSPI
KODEX 3대농산물선물(H),,271060,KR7271060006,KOSPI
KODEX 53-09 국고채액티브,,457700,KR7457700003,KOSPI
KODEX AI반도체,,395160,KR7395160005,KOSPI
KODEX AI반도체핵심장비,,471990,KR7471990002,KOSPI
KODEX AI전력핵심설비,,487240,KR7487240004,KOSPI
KODEX CD1년금리플러스액티브(합성),,481050,KR7481050003,KOSPI
KODEX CD금리액티브(합성),,459580,KR7459580007,KOSPI
KODEX ESG종합채권(A-이상)액티브,,439860,KR7439860008,KOSPI
KODEX IT,,266370,KR7266370006,KOSPI
KODEX K-뉴딜디지털플러스,,368680,KR7368680005,KOSPI
KODEX KOFR금리액티브(합성),,423160,KR7423160001,KOSPI
KODEX KRX300,,292190,KR7292190006,KOSPI
KODEX KRX300레버리지,,306950,KR7306950007,KOSPI
KODEX KTOP30,,229720,KR7229720008,KOSPI
KODEX K방산TOP10,,0080G0,KR70080G0009,KOSPI
KODEX K방산TOP10레버리지,,0100K0,KR70100K0009,KOSPI
KODEX K원자력SMR,,0098F0,KR70098F0000,KOSPI
KODEX K조선TOP10,,0115D0,KR70115D0001,KOSPI
KODEX K콘텐츠,,266360,KR7266360007,KOSPI
KODEX MSCI EM선물(H),,291890,KR7291890002,KOSPI
KODEX MSCI KOREA ESG유니버설,,289040,KR7289040008,KOSPI
KODEX MSCI Korea,,156080,KR7156080004,KOSPI
KODEX MSCI Korea TR,,278540,KR7278540000,KOSPI
KODEX MSCI선진국,,251350,KR7251350005,KOSPI
KODEX S&P글로벌인프라(합성),,269420,KR7269420006,KOSPI
KODEX TDF2030액티브,,433970,KR7433970001,KOSPI
KODEX TDF2040액티브,,433980,KR7433980000,KOSPI
KODEX TDF2050액티브,,434060,KR7434060000,KOSPI
KODEX TDF2060액티브,,0082V0,KR70082V0008,KOSPI
KODEX TRF3070,,329650,KR7329650006,KOSPI
KODEX TRF5050,,329660,KR7329660005,KOSPI
KODEX TRF7030,,329670,KR7329670004,KOSPI
KODEX Top10동일가중,,395170,KR7395170004,KOSPI
KODEX Top5PlusTR,,315930,KR7315930008,KOSPI
KODEX WTI원유선물(H),,261220,KR7261220008,KOSPI
KODEX WTI원유선물인버스(H),,271050,KR7271050007,KOSPI
KODEX iShares미국인플레이션국채액티브,,468370,KR7468370002,KOSPI
KODEX iShares미국투자등급회사채액티브,,468630,KR7468630009,KOSPI
KODEX iShares미국하이일드액티브,,468380,KR7468380001,KOSPI
KODEX 가치주,,275290,KR7275290005,KOSPI
KODEX 건설,,117700,KR7117700005,KOSPI
KODEX 게임산업,,300950,KR7300950003,KOSPI
KODEX 경기소비재,,266390,KR7266390004,KOSPI
KODEX 고배당주,,279530,KR7279530000,KOSPI
KODEX 골드선물(H),,132030,KR7132030008,KOSPI
KODEX 골드선물인버스(H),,280940,KR7280940008,KOSPI
KODEX 구리선물(H),,138910,KR7138910005,KOSPI
KODEX 국고채10년액티브,,471230,KR7471230003,KOSPI
KODEX 국고채30년액티브,,439870,KR7439870007,KOSPI
KODEX 국고채3년,,114260,KR7114260003,KOSPI
KODEX 국채선물10년,,152380,KR7152380002,KOSPI
KODEX 국채선물10년인버스,,176950,KR7176950004,KOSPI
KODEX 국채선물3년인버스,,292770,KR7292770005,KOSPI
KODEX 글로벌로봇(합성),,276990,KR7276990009,KOSPI
KODEX 글로벌비만치료제TOP2 Plus,,476070,KR7476070008,KOSPI
KODEX 금액티브,,0064K0,KR70064K0003,KOSPI
KODEX 금융고배당TOP10,,0089D0,KR70089D0003,KOSPI
KODEX 금융고배당TOP10타겟위클리커버드콜,,498410,KR7498410000,KOSPI
KODEX 기계장비,,102960,KR7102960002,KOSPI
KODEX 기후변화솔루션,,404260,KR7404260002,KOSPI
KODEX 단기변동금리부채권액티브,,273140,KR7273140004,KOSPI
KODEX 단기채권,,153130,KR7153130000,KOSPI
KODEX 단기채권PLUS,,214980,KR7214980005,KOSPI
KODEX 대만테크고배당다우존스,,487950,KR7487950008,KOSPI
KODEX 레버리지,,122630,KR7122630007,KOSPI
KODEX 로봇액티브,,445290,KR7445290000,KOSPI
KODEX 머니마켓액티브,,488770,KR7488770009,KOSPI
KODEX 멀티에셋하이인컴(H),,321410,KR7321410003,KOSPI
KODEX 멀티팩터,,337120,KR7337120000,KOSPI
KODEX 메타버스액티브,,401470,KR7401470000,KOSPI
KODEX 모멘텀Plus,,244620,KR7244620001,KOSPI
KODEX 모멘텀주,,275280,KR7275280006,KOSPI
KODEX 미국10년국채선물,,308620,KR7308620004,KOSPI
KODEX 미국10년국채액티브(H),,0091C0,KR70091C0000,KOSPI
KODEX 미국30년국채액티브(H),,484790,KR7484790001,KOSPI
KODEX 미국30년국채울트라선물(H),,304660,KR7304660004,KOSPI
KODEX 미국30년국채울트라선물인버스(H),,304670,KR7304670003,KOSPI
KODEX 미국30년국채타겟커버드콜(합성 H),,481060,KR7481060002,KOSPI
KODEX 미국AI반도체TOP3플러스,,0151S0,KR70151S0009,KOSPI
KODEX 미국AI소프트웨어TOP10,,0041D0,KR70041D0000,KOSPI
KODEX 미국AI전력핵심인프라,,487230,KR7487230005,KOSPI
KODEX 미국AI테크TOP10,,485540,KR7485540009,KOSPI
KODEX 미국AI테크TOP10타겟커버드콜,,483280,KR7483280004,KOSPI
KODEX 미국ETF산업Top10 Indxx,,428560,KR7428560007,KOSPI
KODEX 미국S&P500,,379800,KR7379800006,KOSPI
KODEX 미국S&P500(H),,449180,KR7449180009,KOSPI
KODEX 미국S&P500경기소비재,,453660,KR7453660003,KOSPI
KODEX 미국S&P500금융,,453650,KR7453650004,KOSPI
KODEX 미국S&P500데일리커버드콜OTM,,0005A0,KR70005A0007,KOSPI
KODEX 미국S&P500배당귀족커버드콜(합성 H,,276970,KR7276970001,KOSPI
KODEX 미국S&P500버퍼3월액티브,,0026E0,KR70026E0008,KOSPI
KODEX 미국S&P500버퍼6월액티브,,0068M0,KR70068M0007,KOSPI
KODEX 미국S&P500변동성확대시커버드콜,,0089C0,KR70089C0004,KOSPI
KODEX 미국S&P500산업재(합성),,200030,KR7200030005,KOSPI
KODEX 미국S&P500선물(H),,219480,KR7219480001,KOSPI
KODEX 미국S&P500액티브,,0041E0,KR70041E0009,KOSPI
KODEX 미국S&P500에너지(합성),,218420,KR7218420008,KOSPI
KODEX 미국S&P500유틸리티,,463640,KR7463640003,KOSPI
KODEX 미국S&P500커뮤니케이션,,463690,KR7463690008,KOSPI
KODEX 미국S&P500테크놀로지,,463680,KR7463680009,KOSPI
KODEX 미국S&P500필수소비재,,453630,KR7453630006,KOSPI
KODEX 미국S&P500헬스케어,,453640,KR7453640005,KOSPI
KODEX 미국S&P바이오(합성),,185680,KR7185680006,KOSPI
KODEX 미국금융테크액티브,,0028X0,KR70028X0003,KOSPI
KODEX 미국나스닥100,,379810,KR7379810005,KOSPI
KODEX 미국나스닥100(H),,449190,KR7449190008,KOSPI
KODEX 미국나스닥100데일리커버드콜OTM,,494300,KR7494300007,KOSPI
KODEX 미국나스닥100레버리지(합성 H),,409820,KR7409820008,KOSPI
KODEX 미국나스닥100선물(H),,304940,KR7304940000,KOSPI
KODEX 미국나스닥100선물인버스(H),,409810,KR7409810009,KOSPI
KODEX 미국나스닥AI테크액티브,,411420,KR7411420003,KOSPI
KODEX 미국달러SOFR금리액티브(합성),,455030,KR7455030007,KOSPI
KODEX 미국달러선물,,261240,KR7261240006,KOSPI
KODEX 미국달러선물레버리지,,261250,KR7261250005,KOSPI
KODEX 미국달러선물인버스,,261270,KR7261270003,KOSPI
KODEX 미국달러선물인버스2X,,261260,KR7261260004,KOSPI
KODEX 미국드론UAM TOP10,,0144M0,KR70144M0005,KOSPI
KODEX 미국러셀2000(H),,280930,KR7280930009,KOSPI
KODEX 미국머니마켓액티브,,0048J0,KR70048J0007,KOSPI
KODEX 미국반도체,,390390,KR7390390003,KOSPI
KODEX 미국배당다우존스,,489250,KR7489250001,KOSPI
KODEX 미국배당다우존스타겟커버드콜,,483290,KR7483290003,KOSPI
KODEX 미국배당커버드콜액티브,,441640,KR7441640000,KOSPI
KODEX 미국부동산리츠(H),,352560,KR7352560007,KOSPI
KODEX 미국빅테크10(H),,314250,KR7314250002,KOSPI
KODEX 미국서학개미,,473460,KR7473460004,KOSPI
KODEX 미국성장커버드콜액티브,,0144L0,KR70144L0006,KOSPI
KODEX 미국스마트모빌리티S&P,,390400,KR7390400000,KOSPI
KODEX 미국원자력SMR,,0132H0,KR70132H0006,KOSPI
KODEX 미국종합채권ESG액티브(H),,437080,KR7437080005,KOSPI
KODEX 미국클린에너지나스닥,,419420,KR7419420005,KOSPI
KODEX 미국테크TOP3플러스,,491090,KR7491090007,KOSPI
KODEX 미국휴머노이드로봇,,0038A0,KR70038A0008,KOSPI
KODEX 바이오,,244580,KR7244580007,KOSPI
KODEX 반도체,,091160,KR7091160002,KOSPI
KODEX 반도체레버리지,,494310,KR7494310006,KOSPI
KODEX 배당가치,,325020,KR7325020006,KOSPI
KODEX 밸류Plus,,244670,KR7244670006,KOSPI
KODEX 보험,,140700,KR7140700006,KOSPI
KODEX 삼성그룹,,102780,KR7102780004,KOSPI
KODEX 삼성그룹밸류,,213610,KR7213610009,KOSPI
KODEX 삼성전자채권혼합,,448330,KR7448330001,KOSPI
KODEX 성장주,,325010,KR7325010007,KOSPI
KODEX 신재생에너지액티브,,385510,KR7385510003,KOSPI
KODEX 아시아AI반도체exChina액티브,,446690,KR7446690000,KOSPI
KODEX 아시아달러채권ESG플러스액티브,,437070,KR7437070006,KOSPI
KODEX 에너지화학,,117460,KR7117460006,KOSPI
KODEX 우량주,,275300,KR7275300002,KOSPI
KODEX 운송,,140710,KR7140710005,KOSPI
KODEX 웹툰&드라마,,395150,KR7395150006,KOSPI
KODEX 유럽명품TOP10 STOXX,,456250,KR7456250000,KOSPI
KODEX 유럽탄소배출권선물ICE(H),,400570,KR7400570008,KOSPI
KODEX 은선물(H),,144600,KR7144600004,KOSPI
KODEX 은행,,091170,KR7091170001,KOSPI
KODEX 인도Nifty50,,453810,KR7453810004,KOSPI
KODEX 인도Nifty50레버리지(합성),,453820,KR7453820003,KOSPI
KODEX 인도Nifty미드캡100,,0000H0,KR70000H0005,KOSPI
KODEX 인도타타그룹,,477730,KR7477730006,KOSPI
KODEX 인버스,,114800,KR7114800006,KOSPI
KODEX 일본TOPIX100,,101280,KR7101280006,KOSPI
KODEX 일본부동산리츠(H),,352540,KR7352540009,KOSPI
KODEX 자동차,,091180,KR7091180000,KOSPI
KODEX 자율주행액티브,,385520,KR7385520002,KOSPI
KODEX 장기종합채권(AA-이상)액티브,,363570,KR7363570003,KOSPI
KODEX 종합채권(AA-이상)액티브,,273130,KR7273130005,KOSPI
KODEX 주주환원고배당주,,0153K0,KR70153K0005,KOSPI
KODEX 증권,,102970,KR7102970001,KOSPI
KODEX 차이나2차전지MSCI(합성),,419430,KR7419430004,KOSPI
KODEX 차이나A50,,169950,KR7169950003,KOSPI
KODEX 차이나AI테크액티브,,428510,KR7428510002,KOSPI
KODEX 차이나CSI300,,283580,KR7283580009,KOSPI
KODEX 차이나H,,099140,KR7099140006,KOSPI
KODEX 차이나H레버리지(H),,204450,KR7204450001,KOSPI
KODEX 차이나과창판STAR50(합성),,415340,KR7415340009,KOSPI
KODEX 차이나심천ChiNext(합성),,256750,KR7256750001,KOSPI
KODEX 차이나테크TOP10,,0065G0,KR70065G0008,KOSPI
KODEX 차이나항셍테크,,372330,KR7372330001,KOSPI
KODEX 차이나휴머노이드로봇,,0048K0,KR70048K0004,KOSPI
KODEX 철강,,117680,KR7117680009,KOSPI
KODEX 최소변동성,,279540,KR7279540009,KOSPI
KODEX 친환경조선해운액티브,,445150,KR7445150006,KOSPI
KODEX 코리아배당성장,,211900,KR7211900006,KOSPI
KODEX 코리아배당성장채권혼합,,237370,KR7237370002,KOSPI
KODEX 코리아밸류업,,495850,KR7495850000,KOSPI
KODEX 코리아소버린AI,,0115E0,KR70115E0000,KOSPI
KODEX 코리아혁신성장액티브,,373490,KR7373490002,KOSPI
KODEX 코스닥150,,229200,KR7229200001,KOSPI
KODEX 코스닥150레버리지,,233740,KR7233740000,KOSPI
KODEX 코스닥150롱코스피200숏선물,,360150,KR7360150007,KOSPI
KODEX 코스닥150선물인버스,,251340,KR7251340006,KOSPI
KODEX 코스닥글로벌,,461450,KR7461450009,KOSPI
KODEX 코스피,,226490,KR7226490001,KOSPI
KODEX 코스피100,,237350,KR7237350004,KOSPI
KODEX 코스피TR,,359210,KR7359210002,KOSPI
KODEX 코스피대형주,,337140,KR7337140008,KOSPI
KODEX 콩선물(H),,138920,KR7138920004,KOSPI
KODEX 퀄리티Plus,,244660,KR7244660007,KOSPI
KODEX 탄소효율그린뉴딜,,375770,KR7375770005,KOSPI
KODEX 테슬라밸류체인FactSet,,459560,KR7459560009,KOSPI
KODEX 테슬라커버드콜채권혼합액티브,,475080,KR7475080008,KOSPI
KODEX 필수소비재,,266410,KR7266410000,KOSPI
KODEX 한국대만IT프리미어,,298770,KR7298770009,KOSPI
KODEX 한국부동산리츠인프라,,476800,KR7476800008,KOSPI
KODEX 한중반도체(합성),,450190,KR7450190004,KOSPI
KODEX 한중전기차(합성),,450180,KR7450180005,KOSPI
KODEX 헬스케어,,266420,KR7266420009,KOSPI
KODEX 혁신기술테마액티브,,364690,KR7364690008,KOSPI
KPX케미칼,,025000,KR7025000001,KOSPI
KPX홀딩스,,092230,KR7092230002,KOSPI
KR모터스,,000040,KR7000040006,KOSPI
KSS해운,,044450,KR7044450005,KOSPI
KS인더스트리,,101000,KR7101000008,KOSDAQ
KT,,030200,KR7030200000,KOSPI
KT&G,,033780,KR7033780008,KOSPI
KTcs,,058850,KR7058850009,KOSPI
KTis,,058860,KR7058860008,KOSPI
KT나스미디어,,089600,KR7089600001,KOSDAQ
KT밀리의서재,,418470,KR7418470001,KOSDAQ
KT지니뮤직,,043610,KR7043610005,KOSDAQ
KX,,122450,KR7122450000,KOSDAQ
KX하이텍,,052900,KR7052900008,KOSDAQ
KZ정밀,,036560,KR7036560001,KOSDAQ
KoAct AI인프라액티브,,487130,KR7487130007,KOSPI
KoAct K수출핵심기업TOP30액티브,,0074K0,KR70074K0001,KOSPI
KoAct 글로벌AI&로봇액티브,,471040,KR7471040006,KOSPI
KoAct 글로벌K컬처밸류체인액티브,,0132D0,KR70132D0000,KOSPI
KoAct 글로벌양자컴퓨팅액티브,,0020H0,KR70020H0001,KOSPI
KoAct 글로벌친환경전력인프라액티브,,475070,KR7475070009,KOSPI
KoAct 미국나스닥성장기업액티브,,0015B0,KR70015B0004,KOSPI
KoAct 미국나스닥채권혼합50액티브,,0104H0,KR70104H0000,KOSPI
KoAct 미국바이오헬스케어액티브,,0113G0,KR70113G0000,KOSPI
KoAct 미국천연가스인프라액티브,,497780,KR7497780007,KOSPI
KoAct 미국치매&뇌질환치료제액티브,,490330,KR7490330008,KOSPI
KoAct 바이오헬스케어액티브,,462900,KR7462900002,KOSPI
KoAct 반도체&2차전지핵심소재액티브,,482030,KR7482030004,KOSPI
KoAct 배당성장액티브,,476850,KR7476850003,KOSPI
KoAct 브로드컴밸류체인액티브,,0051A0,KR70051A0000,KOSPI
KoAct 수소전력ESS인프라액티브,,0150K0,KR70150K0008,KOSPI
KoAct 차이나바이오헬스케어액티브,,0154H0,KR70154H0009,KOSPI
KoAct 코리아밸류업액티브,,495230,KR7495230005,KOSPI
KoAct 팔란티어밸류체인액티브,,0093D0,KR70093D0007,KOSPI
LB세미콘,,061970,KR7061970000,KOSDAQ
LB인베스트먼트,,309960,KR7309960003,KOSDAQ
LF,,093050,KR7093050003,KOSPI
LG,,003550,KR7003550001,KOSPI
LG디스플레이,,034220,KR7034220004,KOSPI
LG생활건강,LG생건,051900,KR7051900009,KOSPI
LG생활건강우,,051905,KR7051901007,KOSPI
LG씨엔에스,,064400,KR7064400005,KOSPI
LG에너지솔루션,,373220,KR7373220003,KOSPI
LG우,,003555,KR7003551009,KOSPI
LG유플러스,,032640,KR7032640005,KOSPI
LG이노텍,,011070,KR7011070000,KOSPI
LG전자,,066570,KR7066570003,KOSPI
LG전자우,,066575,KR7066571001,KOSPI
LG헬로비전,,037560,KR7037560000,KOSPI
LG화학,,051910,KR7051910008,KOSPI
LG화학우,,051915,KR7051911006,KOSPI
LIG넥스원,,079550,KR7079550000,KOSPI
LK삼양,,225190,KR7225190008,KOSDAQ
LS,,006260,KR7006260004,KOSPI
LS ELECTRIC,,010120,KR7010120004,KOSPI
LS네트웍스,,000680,KR7000680009,KOSPI
LS마린솔루션,,060370,KR7060370004,KOSDAQ
LS머트리얼즈,,417200,KR7417200003,KOSDAQ
LS에코에너지,,229640,KR7229640008,KOSPI
LS증권,,078020,KR7078020005,KOSDAQ
LS티라유텍,,322180,KR7322180001,KOSDAQ
LX세미콘,,108320,KR7108320003,KOSPI
LX인터내셔널,,001120,KR7001120005,KOSPI
LX하우시스,,108670,KR7108670001,KOSPI
LX하우시스우,,108675,KR7108671009,KOSPI
LX홀딩스,,383800,KR7383800000,KOSPI
LX홀딩스1우,,38380K,KR738380K012,KOSPI
M83,,476080,KR7476080007,KOSDAQ
MDS테크,,086960,KR7086960002,KOSDAQ
MH에탄올,,023150,KR7023150006,KOSPI
NAVER,네이버,035420,KR7035420009,KOSPI
NEW,넥스트엔터테인먼트월드,160550,KR7160550000,KOSDAQ
NE능률,,053290,KR7053290003,KOSDAQ
NHN,,181710,KR7181710005,KOSPI
NHN KCP,,060250,KR7060250008,KOSDAQ
NHN벅스,,104200,KR7104200001,KOSDAQ
NH올원리츠,,400760,KR7400760005,KOSPI
NH투자증권,,005940,KR7005940002,KOSPI
NH투자증권우,,005945,KR7005941000,KOSPI
NH프라임리츠,,338100,KR7338100001,KOSPI
NICE,,034310,KR7034310003,KOSPI
NICE인프라,,063570,KR7063570006,KOSDAQ
NICE평가정보,,030190,KR7030190003,KOSPI
NI스틸,,008260,KR7008260002,KOSPI
NPC,,004250,KR7004250007,KOSPI
NPC우,,004255,KR7004251005,KOSPI
NPX,엔피엑스,222160,KR7222160004,KOSDAQ
OCI,,456040,KR7456040005,KOSPI
OCI홀딩스,,010060,KR7010060002,KOSPI
PI첨단소재,,178920,KR7178920005,KOSPI
PKC,,001340,KR7001340009,KOSPI
PLUS 200,,152100,KR7152100004,KOSPI
PLUS 200TR,,491220,KR7491220000,KOSPI
PLUS 200선물레버리지,,253150,KR7253150007,KOSPI
PLUS 200선물인버스2X,,253160,KR7253160006,KOSPI
PLUS ESG가치주액티브,,395750,KR7395750003,KOSPI
PLUS ESG성장주액티브,,395760,KR7395760002,KOSPI
PLUS KOFR금리,,453010,KR7453010001,KOSPI
PLUS K리츠,,429740,KR7429740004,KOSPI
PLUS K방산,,449450,KR7449450006,KOSPI
PLUS K방산레버리지,,0104G0,KR70104G0001,KOSPI
PLUS K방산소부장,,0090B0,KR70090B0002,KOSPI
PLUS S&P글로벌인프라,,269530,KR7269530002,KOSPI
PLUS TDF2060액티브,,433880,KR7433880002,KOSPI
PLUS 고배당저변동50,,251590,KR7251590006,KOSPI
PLUS 고배당주,,161510,KR7161510003,KOSPI
PLUS 고배당주위클리고정커버드콜,,0018C0,KR70018C0000,KOSPI
PLUS 고배당주위클리커버드콜,,489030,KR7489030007,KOSPI
PLUS 고배당주채권혼합,,251600,KR7251600003,KOSPI
PLUS 국고채10년액티브,,461460,KR7461460008,KOSPI
PLUS 국고채30년액티브,,451600,KR7451600001,KOSPI
PLUS 국공채머니마켓액티브,,491230,KR7491230009,KOSPI
PLUS 국채선물10년,,289670,KR7289670002,KOSPI
PLUS 국채선물3년,,298340,KR7298340001,KOSPI
PLUS 글로벌AI인프라,,489010,KR7489010009,KOSPI
PLUS 글로벌HBM반도체,,442580,KR7442580007,KOSPI
PLUS 글로벌MSCI(합성 H),,189400,KR7189400005,KOSPI
PLUS 글로벌방산,,496770,KR7496770009,KOSPI
PLUS 글로벌수소&차세대연료전지,,419650,KR7419650007,KOSPI
PLUS 글로벌원자력밸류체인,,0007G0,KR70007G0009,KOSPI
PLUS 글로벌휴머노이드로봇액티브,,0035T0,KR70035T0000,KOSPI
PLUS 글로벌희토류&전략자원생산기업,,415920,KR7415920008,KOSPI
PLUS 금채권혼합,,0138Y0,KR70138Y0009,KOSPI
PLUS 단기채권액티브,,278620,KR7278620000,KOSPI
PLUS 머니마켓액티브,,477050,KR7477050009,KOSPI
PLUS 미국AI에이전트,,0050E0,KR70050E0007,KOSPI
PLUS 미국S&P500,,429760,KR7429760002,KOSPI
PLUS 미국S&P500(H),,269540,KR7269540001,KOSPI
PLUS 미국S&P500미국채혼합50액티브,,0057H0,KR70057H0007,KOSPI
PLUS 미국S&P500성장주,,494410,KR7494410004,KOSPI
PLUS 미국고배당주액티브,,0153X0,KR70153X0000,KOSPI
PLUS 미국나스닥100미국채혼합50,,0089B0,KR70089B0005,KOSPI
PLUS 미국나스닥테크,,287180,KR7287180004,KOSPI
PLUS 미국다우존스고배당주(합성 H),,213630,KR7213630007,KOSPI
PLUS 미국단기회사채(AAA~A),,332610,KR7332610005,KOSPI
PLUS 미국달러SOFR금리액티브(합성),,456200,KR7456200005,KOSPI
PLUS 미국로보택시,,0078V0,KR70078V0004,KOSPI
PLUS 미국배당증가성장주데일리커버드콜,,494420,KR7494420003,KOSPI
PLUS 미국양자컴퓨팅TOP10,,0023B0,KR70023B0004,KOSPI
PLUS 미국장기우량회사채,,332620,KR7332620004,KOSPI
PLUS 미국채30년액티브,,464470,KR7464470004,KOSPI
PLUS 미국테크TOP10,,461900,KR7461900003,KOSPI
PLUS 미국테크TOP10레버리지(합성),,461910,KR7461910002,KOSPI
PLUS 선진국MSCI(합성 H),,195970,KR7195970009,KOSPI
PLUS 스마트베타Quality채권혼합,,238670,KR7238670004,KOSPI
PLUS 신흥국MSCI(합성 H),,195980,KR7195980008,KOSPI
PLUS 심천차이넥스트(합성),,256450,KR7256450008,KOSPI
PLUS 애플채권혼합,,447660,KR7447660002,KOSPI
PLUS 우량회사채50,,239660,KR7239660004,KOSPI
PLUS 우주항공&UAM,,421320,KR7421320003,KOSPI
PLUS 일본반도체소부장,,464920,KR7464920008,KOSPI
PLUS 일본엔화초단기국채(합성),,489000,KR7489000000,KOSPI
PLUS 자사주매입고배당주,,0098N0,KR70098N0000,KOSPI
PLUS 종합채권(AA-이상)액티브,,451000,KR7451000004,KOSPI
PLUS 주도업종,,280920,KR7280920000,KOSPI
PLUS 중형주저변동50,,266550,KR7266550003,KOSPI
PLUS 차이나AI테크TOP10,,0047N0,KR70047N0002,KOSPI
PLUS 차이나항셍테크위클리타겟커버드콜,,0128D0,KR70128D0006,KOSPI
PLUS 코리아밸류업,,495040,KR7495040008,KOSPI
PLUS 코스닥150,,301400,KR7301400008,KOSPI
PLUS 코스닥150선물인버스,,301410,KR7301410007,KOSPI
PLUS 코스피,,227830,KR7227830007,KOSPI
PLUS 코스피50,,122090,KR7122090004,KOSPI
PLUS 코스피TR,,328370,KR7328370002,KOSPI
PLUS 태양광&ESS,,457990,KR7457990000,KOSPI
PLUS 테슬라위클리커버드콜채권혼합,,0132K0,KR70132K0001,KOSPI
PLUS 한화그룹주,,0000J0,KR70000J0003,KOSPI
PN풍년,,024940,KR7024940009,KOSDAQ
POSCO홀딩스,,005490,KR7005490008,KOSPI
PS일렉트로닉스,,332570,KR7332570001,KOSDAQ
RFHIC,,218410,KR7218410009,KOSDAQ
RF머트리얼즈,,327260,KR7327260006,KOSDAQ
RF시스템즈,,474610,KR7474610003,KOSDAQ
RISE 200,,148020,KR7148020001,KOSPI
RISE 200TR,,361580,KR7361580004,KOSPI
RISE 200고배당커버드콜ATM,,290080,KR7290080001,KOSPI
RISE 200금융,,284980,KR7284980000,KOSPI
RISE 200선물레버리지,,252400,KR7252400007,KOSPI
RISE 200선물인버스,,252410,KR7252410006,KOSPI
RISE 200선물인버스2X,,252420,KR7252420005,KOSPI
RISE 200위클리커버드콜,,475720,KR7475720009,KOSPI
RISE 26-11 회사채(AA-이상)액티브,,0122W0,KR70122W0009,KOSPI
RISE 2차전지TOP10,,465330,KR7465330009,KOSPI
RISE 2차전지TOP10인버스(합성),,465350,KR7465350007,KOSPI
RISE 2차전지액티브,,422420,KR7422420000,KOSPI
RISE 5대그룹주,,105780,KR7105780001,KOSPI
RISE AI&로봇,,469070,KR7469070007,KOSPI
RISE AI반도체TOP10,,0093A0,KR70093A0000,KOSPI
RISE AI전력인프라,,0101N0,KR70101N0005,KOSPI
RISE AI플랫폼,,427120,KR7427120001,KOSPI
RISE CD금리액티브(합성),,477080,KR7477080006,KOSPI
RISE ESG사회책임투자,,290130,KR7290130004,KOSPI
RISE IT플러스,,326240,KR7326240009,KOSPI
RISE KIS국고채30년Enhanced,,385560,KR7385560008,KOSPI
RISE KOFR금리액티브(합성),,479520,KR7479520009,KOSPI
RISE KQ고배당,,270800,KR7270800006,KOSPI
RISE KRX300,,292050,KR7292050002,KOSPI
RISE K엔터&여행레저,,388280,KR7388280000,KOSPI
RISE TDF2030액티브,,442550,KR7442550000,KOSPI
RISE TDF2040액티브,,442560,KR7442560009,KOSPI
RISE TDF2050액티브,,442570,KR7442570008,KOSPI
RISE V&S셀렉트밸류,,234310,KR7234310001,KOSPI
RISE V&S셀렉트밸류채권혼합,,241390,KR7241390004,KOSPI
RISE 게임테마,,300640,KR7300640000,KOSPI
RISE 고배당,,266160,KR7266160001,KOSPI
RISE 국고채10년액티브,,481430,KR7481430007,KOSPI
RISE 국고채3년,,114100,KR7114100001,KOSPI
RISE 국고채3년선물인버스,,282000,KR7282000009,KOSPI
RISE 국채30년레버리지(합성),,451670,KR7451670004,KOSPI
RISE 국채선물10년,,295000,KR7295000004,KOSPI
RISE 국채선물10년인버스,,295020,KR7295020002,KOSPI
RISE 국채선물3년,,432600,KR7432600005,KOSPI
RISE 국채선물5년추종,,397420,KR7397420001,KOSPI
RISE 글로벌게임테크TOP3Plus,,0114X0,KR70114X0008,KOSPI
RISE 글로벌농업경제,,437370,KR7437370000,KOSPI
RISE 글로벌데이터센터리츠(합성),,375270,KR7375270006,KOSPI
RISE 글로벌리얼티인컴,,475380,KR7475380002,KOSPI
RISE 글로벌비만산업TOP2+,,476310,KR7476310008,KOSPI
RISE 글로벌수소경제,,417450,KR7417450004,KOSPI
RISE 글로벌원자력,,442320,KR7442320008,KOSPI
RISE 글로벌자산배분액티브,,461490,KR7461490005,KOSPI
RISE 글로벌주식분산액티브,,459750,KR7459750006,KOSPI
RISE 글로벌클린에너지,,399580,KR7399580000,KOSPI
RISE 글로벌테크놀로지(합성 H),,276650,KR7276650009,KOSPI
RISE 금융채액티브,,336160,KR7336160007,KOSPI
RISE 내수주플러스,,326230,KR7326230000,KOSPI
RISE 네트워크인프라,,367760,KR7367760006,KOSPI
RISE 단기국공채액티브,,272560,KR7272560004,KOSPI
RISE 단기채권알파액티브,,385550,KR7385550009,KOSPI
RISE 단기통안채,,196230,KR7196230007,KOSPI
RISE 단기특수은행채액티브,,0061Z0,KR70061Z0009,KOSPI
RISE 대형고배당10TR,,315960,KR7315960005,KOSPI
RISE 동학개미,,0138D0,KR70138D0004,KOSPI
RISE 머니마켓액티브,,455890,KR7455890004,KOSPI
RISE 메타버스,,401170,KR7401170006,KOSPI
RISE 미국30년국채액티브,,481340,KR7481340008,KOSPI
RISE 미국30년국채엔화노출(합성 H),,472870,KR7472870005,KOSPI
RISE 미국30년국채커버드콜(합성),,472830,KR7472830009,KOSPI
RISE 미국AI밸류체인TOP3Plus,,485690,KR7485690002,KOSPI
RISE 미국AI밸류체인데일리고정커버드콜,,490590,KR7490590007,KOSPI
RISE 미국AI클라우드인프라,,0127R0,KR70127R0001,KOSPI
RISE 미국AI테크액티브,,495940,KR7495940009,KOSPI
RISE 미국S&P500,,379780,KR7379780000,KOSPI
RISE 미국S&P500(H),,453330,KR7453330003,KOSPI
RISE 미국S&P500데일리고정커버드콜,,0138T0,KR70138T0006,KOSPI
RISE 미국S&P500엔화노출(합성 H),,0005C0,KR70005C0005,KOSPI
RISE 미국S&P배당킹,,460660,KR7460660004,KOSPI
RISE 미국S&P원유생산기업(합성 H),,219390,KR7219390002,KOSPI
RISE 미국고배당다우존스TOP10,,0115C0,KR70115C0002,KOSPI
RISE 미국고정배당우선증권,,354240,KR7354240004,KOSPI
RISE 미국나스닥100,,368590,KR7368590006,KOSPI
RISE 미국단기투자등급회사채액티브,,437350,KR7437350002,KOSPI
RISE 미국달러SOFR금리액티브(합성),,455960,KR7455960005,KOSPI
RISE 미국달러선물인버스,,469530,KR7469530000,KOSPI
RISE 미국반도체NYSE,,469060,KR7469060008,KOSPI
RISE 미국반도체NYSE(H),,469050,KR7469050009,KOSPI
RISE 미국반도체인버스(합성 H),,491630,KR7491630000,KOSPI
RISE 미국배당100데일리고정커버드콜,,490600,KR7490600004,KOSPI
RISE 미국양자컴퓨팅,,0018Z0,KR70018Z0003,KOSPI
RISE 미국은행TOP10,,0013P0,KR70013P0000,KOSPI
RISE 미국장기국채선물(H),,267440,KR7267440006,KOSPI
RISE 미국장기국채선물레버리지(합성 H),,267490,KR7267490001,KOSPI
RISE 미국장기국채선물인버스(H),,267450,KR7267450005,KOSPI
RISE 미국천연가스밸류체인,,0036Z0,KR70036Z0001,KOSPI
RISE 미국테크100데일리고정커버드콜,,491620,KR7491620001,KOSPI
RISE 미국휴머노이드로봇,,0036R0,KR70036R0001,KOSPI
RISE 바이오TOP10액티브,,0000Z0,KR70000Z0003,KOSPI
RISE 배터리 리사이클링,,446700,KR7446700007,KOSPI
RISE 버크셔포트폴리오TOP10,,475350,KR7475350005,KOSPI
RISE 비메모리반도체액티브,,388420,KR7388420002,KOSPI
RISE 삼성그룹Top3채권혼합,,448630,KR7448630004,KOSPI
RISE 수소경제테마,,367770,KR7367770005,KOSPI
RISE 수출주,,140570,KR7140570003,KOSPI
RISE 엔비디아고정테크100,,0093B0,KR70093B0009,KOSPI
RISE 우량업종대표주,,140580,KR7140580002,KOSPI
RISE 유로스탁스50(H),,379790,KR7379790009,KOSPI
RISE 인도디지털성장,,498610,KR7498610005,KOSPI
RISE 일본섹터TOP4Plus,,488480,KR7488480005,KOSPI
RISE 종합채권(A-이상)액티브,,385540,KR7385540000,KOSPI
RISE 주식혼합,,183710,KR7183710003,KOSPI
RISE 중국MSCI China(H),,310080,KR7310080007,KOSPI
RISE 중국본토CSI300,,463300,KR7463300004,KOSPI
RISE 중국본토대형주CSI100,,174360,KR7174360008,KOSPI
RISE 중기우량회사채,,136340,KR7136340007,KOSPI
RISE 중소형고배당,,281990,KR7281990002,KOSPI
RISE 중장기국공채액티브,,272570,KR7272570003,KOSPI
RISE 차이나HSCEI(H),,250730,KR7250730009,KOSPI
RISE 차이나H선물인버스(H),,291680,KR7291680007,KOSPI
RISE 차이나테크TOP10위클리타겟커버드콜,,0094L0,KR70094L0006,KOSPI
RISE 차이나항셍테크,,371150,KR7371150004,KOSPI
RISE 채권혼합,,183700,KR7183700004,KOSPI
RISE 코리아금융고배당,,498860,KR7498860006,KOSPI
RISE 코리아밸류업,,495050,KR7495050007,KOSPI
RISE 코리아밸류업위클리고정커버드콜,,0094M0,KR70094M0005,KOSPI
RISE 코리아전략산업액티브,,0151P0,KR70151P0002,KOSPI
RISE 코스닥150,,270810,KR7270810005,KOSPI
RISE 코스닥150선물레버리지,,278240,KR7278240007,KOSPI
RISE 코스닥150선물인버스,,275750,KR7275750008,KOSPI
RISE 코스피,,302450,KR7302450002,KOSPI
RISE 테슬라고정테크100,,0047P0,KR70047P0000,KOSPI
RISE 테슬라미국채타겟커버드콜혼합(합성),,0013R0,KR70013R0008,KOSPI
RISE 테슬라애플아마존채권혼합,,449580,KR7449580000,KOSPI
RISE 팔라듐선물(H),,334690,KR7334690005,KOSPI
RISE 팔라듐선물인버스(H),,334700,KR7334700002,KOSPI
RISE 팔란티어고정테크100,,0047R0,KR70047R0008,KOSPI
RISE 헬스케어,,253280,KR7253280002,KOSPI
RISE 헬스케어채권혼합,,253290,KR7253290001,KOSPI
S&K폴리텍,,091340,KR7091340000,KOSDAQ
S-Oil,에스오일,010950,KR7010950004,KOSPI
S-Oil우,,010955,KR7010951002,KOSPI
SAMG엔터,에스에미엠지엔터,419530,KR7419530001,KOSDAQ
SBI인베스트먼트,,019550,KR7019550003,KOSDAQ
SBS,,034120,KR7034120006,KOSPI
SB성보,,003080,KR7003080009,KOSPI
SCL사이언스,,246960,KR7246960009,KOSDAQ
SDN,,099220,KR7099220006,KOSDAQ
SFA반도체,,036540,KR7036540003,KOSDAQ
SG,,255220,KR7255220006,KOSDAQ
SG&G,,040610,KR7040610008,KOSDAQ
SGA솔루션즈,,184230,KR7184230001,KOSDAQ
SGC E&C,,016250,KR7016250003,KOSDAQ
SGC에너지,,005090,KR7005090006,KOSPI
SG글로벌,,001380,KR7001380005,KOSPI
SG세계물산,,004060,KR7004060000,KOSPI
SHD,,001770,KR7001770007,KOSPI
SH에너지화학,,002360,KR7002360006,KOSPI
SIMPAC,,009160,KR7009160003,KOSPI
SJG세종,,033530,KR7033530007,KOSPI
SJM,,123700,KR7123700007,KOSPI
SJM홀딩스,,025530,KR7025530007,KOSPI
SK,,034730,KR7034730002,KOSPI
SKAI,,357880,KR7357880004,KOSDAQ
SKC,,011790,KR7011790003,KOSPI
SK가스,,018670,KR7018670000,KOSPI
SK네트웍스,,001740,KR7001740000,KOSPI
SK디스커버리,,006120,KR7006120000,KOSPI
SK디스커버리우,,006125,KR7006121008,KOSPI
SK디앤디,,210980,KR7210980009,KOSPI
SK리츠,,395400,KR7395400005,KOSPI
SK바이오사이언스,,302440,KR7302440003,KOSPI
SK바이오팜,,326030,KR7326030004,KOSPI
SK스퀘어,,402340,KR7402340004,KOSPI
SK시그넷,,260870,KR7260870001,KONEX
SK아이이테크놀로지,,361610,KR7361610009,KOSPI
SK오션플랜트,,100090,KR7100090000,KOSPI
SK우,,03473K,KR703473K016,KOSPI
SK이노베이션,,096770,KR7096770003,KOSPI
SK이노베이션우,,096775,KR7096771001,KOSPI
SK이터닉스,,475150,KR7475150009,KOSPI
SK증권,,001510,KR7001510007,KOSPI
SK증권우,,001515,KR7001511005,KOSPI
SK케미칼,,285130,KR7285130001,KOSPI
SK케미칼우,,28513K,KR728513K010,KOSPI
SK텔레콤,SKT,017670,KR7017670001,KOSPI
SK하이닉스,,000660,KR7000660001,KOSPI
SM C&C,,048550,KR7048550008,KOSDAQ
SM Life Design,,063440,KR7063440002,KOSDAQ
SNT다이내믹스,,003570,KR7003570009,KOSPI
SNT모티브,,064960,KR7064960008,KOSPI
SNT에너지,,100840,KR7100840008,KOSPI
SNT홀딩스,,036530,KR7036530004,KOSPI
SOL 200 Top10,,411540,KR7411540008,KOSPI
SOL 200TR,,295040,KR7295040000,KOSPI
SOL 26-12 회사채(AA-이상)액티브,,488980,KR7488980004,KOSPI
SOL 27-12 회사채(AA-이상)액티브,,0092C0,KR70092C0009,KOSPI
SOL 2차전지소부장Fn,,455860,KR7455860007,KOSPI
SOL AI반도체소부장,,455850,KR7455850008,KOSPI
SOL CD금리&머니마켓액티브,,497880,KR7497880005,KOSPI
SOL KIS단기통안채,,363510,KR7363510009,KOSPI
SOL KRX300,,292500,KR7292500006,KOSPI
SOL KRX기후변화솔루션,,404650,KR7404650004,KOSPI
SOL K방산,,490480,KR7490480001,KOSPI
SOL 국고채10년,,438570,KR7438570004,KOSPI
SOL 국고채30년액티브,,474390,KR7474390002,KOSPI
SOL 국고채3년,,438560,KR7438560005,KOSPI
SOL 국제금,,0066W0,KR70066W0007,KOSPI
SOL 국제금커버드콜액티브,,0022T0,KR70022T0005,KOSPI
SOL 글로벌탄소배출권선물ICE(합성),,400590,KR7400590006,KOSPI
SOL 금융지주플러스고배당,,484880,KR7484880000,KOSPI
SOL 머니마켓액티브,,484890,KR7484890009,KOSPI
SOL 미국30년국채액티브(H),,461600,KR7461600009,KOSPI
SOL 미국30년국채커버드콜(합성),,473330,KR7473330009,KOSPI
SOL 미국500타겟데일리커버드콜액티브,,494210,KR7494210008,KOSPI
SOL 미국AI반도체칩메이커,,479620,KR7479620007,KOSPI
SOL 미국AI소프트웨어,,481180,KR7481180008,KOSPI
SOL 미국AI전력인프라,,486450,KR7486450000,KOSPI
SOL 미국S&P500,,433330,KR7433330008,KOSPI
SOL 미국S&P500ESG,,399110,KR7399110006,KOSPI
SOL 미국S&P500미국채혼합50,,0080X0,KR70080X0008,KOSPI
SOL 미국S&P500엔화노출(H),,499150,KR7499150001,KOSPI
SOL 미국TOP5채권혼합40 Solactive,,447620,KR7447620006,KOSPI
SOL 미국나스닥100,,476030,KR7476030002,KOSPI
SOL 미국넥스트테크TOP10액티브,,0118S0,KR70118S0001,KOSPI
SOL 미국배당다우존스,,446720,KR7446720005,KOSPI
SOL 미국배당다우존스(H),,452360,KR7452360001,KOSPI
SOL 미국배당다우존스2호,,493420,KR7493420004,KOSPI
SOL 미국배당미국채혼합50,,490490,KR7490490000,KOSPI
SOL 미국양자컴퓨팅TOP10,,0023A0,KR70023A0005,KOSPI
SOL 미국원자력SMR,,0051G0,KR70051G0004,KOSPI
SOL 미국테크TOP10,,481190,KR7481190007,KOSPI
SOL 미국테크TOP10인버스(합성),,481200,KR7481200004,KOSPI
SOL 반도체전공정,,475300,KR7475300000,KOSPI
SOL 반도체후공정,,475310,KR7475310009,KOSPI
SOL 배당성향탑픽액티브,,0152E0,KR70152E0004,KOSPI
SOL 유럽탄소배출권선물S&P(H),,400580,KR7400580007,KOSPI
SOL 의료기기소부장Fn,,464610,KR7464610005,KOSPI
SOL 자동차TOP3플러스,,466930,KR7466930005,KOSPI
SOL 자동차소부장Fn,,464600,KR7464600006,KOSPI
SOL 전고체배터리&실리콘음극재,,0005D0,KR70005D0004,KOSPI
SOL 조선TOP3플러스,,466920,KR7466920006,KOSPI
SOL 조선TOP3플러스레버리지,,0080Y0,KR70080Y0007,KOSPI
SOL 조선기자재,,0141S0,KR70141S0002,KOSPI
SOL 종합채권(AA-이상)액티브,,436140,KR7436140008,KOSPI
SOL 중기종합채권(AA-이상)액티브,,0141T0,KR70141T0001,KOSPI
SOL 중단기회사채(A-이상)액티브,,0016X0,KR70016X0007,KOSPI
SOL 차이나강소기업CSI500(합성 H),,220130,KR7220130009,KOSPI
SOL 차이나소비트렌드,,0131A0,KR70131A0004,KOSPI
SOL 차이나육성산업액티브(합성),,415760,KR7415760008,KOSPI
SOL 차이나태양광CSI(합성),,413220,KR7413220005,KOSPI
SOL 초단기채권액티브,,469830,KR7469830004,KOSPI
SOL 코리아고배당,,0105E0,KR70105E0002,KOSPI
SOL 코리아메가테크액티브,,444200,KR7444200000,KOSPI
SOL 코리아밸류업TR,,495550,KR7495550006,KOSPI
SOL 코스닥150,,450910,KR7450910005,KOSPI
SOL 팔란티어미국채커버드콜혼합,,0040X0,KR70040X0007,KOSPI
SOL 팔란티어커버드콜OTM채권혼합,,0040Y0,KR70040Y0006,KOSPI
SOL 한국AI소프트웨어,,0105D0,KR70105D0003,KOSPI
SOL 한국원자력SMR,,0092B0,KR70092B0000,KOSPI
SOL 한국형글로벌반도체액티브,,423170,KR7423170000,KOSPI
SOL 한국형글로벌전기차&2차전지액티브,,429980,KR7429980006,KOSPI
SOL 화장품TOP3플러스,,0008T0,KR70008T0003,KOSPI
SOOP,아프리카TV,067160,KR7067160002,KOSDAQ
SPC삼립,,005610,KR7005610001,KOSPI
STX,,011810,KR7011810009,KOSPI
STX그린로지스,,465770,KR7465770006,KOSPI
STX엔진,,077970,KR7077970002,KOSPI
SUN&L,,002820,KR7002820009,KOSPI
SV인베스트먼트,,289080,KR7289080004,KOSDAQ
TBH글로벌,,084870,KR7084870005,KOSPI
TCC스틸,,002710,KR7002710002,KOSPI
THE CUBE&,,013720,KR7013720008,KOSDAQ
THE E&M,,089230,KR7089230007,KOSDAQ
TIGER 12월자동연장금융채(AA-이상)액티브,,0139F0,KR70139F0001,KOSPI
TIGER 200,,102110,KR7102110004,KOSPI
TIGER 200 IT,,139260,KR7139260004,KOSPI
TIGER 200 건설,,139220,KR7139220008,KOSPI
TIGER 200 경기소비재,,139290,KR7139290001,KOSPI
TIGER 200 금융,,139270,KR7139270003,KOSPI
TIGER 200 산업재,,227550,KR7227550001,KOSPI
TIGER 200 생활소비재,,227560,KR7227560000,KOSPI
TIGER 200 에너지화학,,139250,KR7139250005,KOSPI
TIGER 200 중공업,,139230,KR7139230007,KOSPI
TIGER 200 철강소재,,139240,KR7139240006,KOSPI
TIGER 200 헬스케어,,227540,KR7227540002,KOSPI
TIGER 200IT레버리지,,243880,KR7243880002,KOSPI
TIGER 200TR,,310960,KR7310960000,KOSPI
TIGER 200동일가중,,252000,KR7252000005,KOSPI
TIGER 200선물레버리지,,267770,KR7267770006,KOSPI
TIGER 200선물인버스2X,,252710,KR7252710009,KOSPI
TIGER 200에너지화학레버리지,,243890,KR7243890001,KOSPI
TIGER 200커뮤니케이션서비스,,315270,KR7315270009,KOSPI
TIGER 200커버드콜,,289480,KR7289480006,KOSPI
TIGER 200커버드콜OTM,,166400,KR7166400002,KOSPI
TIGER 200타겟위클리커버드콜,,0104N0,KR70104N0002,KOSPI
TIGER 26-04 회사채(A+이상)액티브,,0001S0,KR70001S0001,KOSPI
TIGER 27-04회사채(A+이상)액티브,,480260,KR7480260009,KOSPI
TIGER 28-04 회사채(A+이상)액티브,,0094K0,KR70094K0007,KOSPI
TIGER 2차전지TOP10,,364980,KR7364980003,KOSPI
TIGER 2차전지TOP10레버리지,,412570,KR7412570004,KOSPI
TIGER 2차전지소재Fn,,462010,KR7462010000,KOSPI
TIGER 2차전지테마,,305540,KR7305540007,KOSPI
TIGER AI반도체핵심공정,,471760,KR7471760009,KOSPI
TIGER AI코리아그로스액티브,,365040,KR7365040005,KOSPI
TIGER BBIG,,364960,KR7364960005,KOSPI
TIGER BBIG레버리지,,412560,KR7412560005,KOSPI
TIGER CD1년금리액티브(합성),,475630,KR7475630000,KOSPI
TIGER CD금리투자KIS(합성),,357870,KR7357870005,KOSPI
TIGER CD금리플러스액티브(합성),,499660,KR7499660009,KOSPI
TIGER Fn메타버스,,400970,KR7400970000,KOSPI
TIGER Fn신재생에너지,,377990,KR7377990007,KOSPI
TIGER KEDI혁신기업ESG30,,417630,KR7417630001,KOSPI
TIGER KOFR금리액티브(합성),,449170,KR7449170000,KOSPI
TIGER KRX300,,292160,KR7292160009,KOSPI
TIGER KRX금현물,,0072R0,KR70072R0006,KOSPI
TIGER KRX기후변화솔루션,,404540,KR7404540007,KOSPI
TIGER KTOP30,,228820,KR7228820007,KOSPI
TIGER K게임,,300610,KR7300610003,KOSPI
TIGER K방산&우주,,463250,KR7463250001,KOSPI
TIGER LG그룹플러스,,138530,KR7138530001,KOSPI
TIGER MKF배당귀족,,445910,KR7445910003,KOSPI
TIGER MSCI KOREA ESG리더스,,289260,KR7289260002,KOSPI
TIGER MSCI KOREA ESG유니버설,,289250,KR7289250003,KOSPI
TIGER MSCI Korea TR,,310970,KR7310970009,KOSPI
TIGER S&P글로벌인프라(합성),,269370,KR7269370003,KOSPI
TIGER S&P글로벌헬스케어(합성),,248270,KR7248270001,KOSPI
TIGER TDF2045,,0025N0,KR70025N0008,KOSPI
TIGER TSMC파운드리밸류체인,,453950,KR7453950008,KOSPI
TIGER 게임TOP10,,364990,KR7364990002,KOSPI
TIGER 경기방어,,139280,KR7139280002,KOSPI
TIGER 경기방어채권혼합,,237440,KR7237440003,KOSPI
TIGER 골드선물(H),,319640,KR7319640009,KOSPI
TIGER 구리실물,,160580,KR7160580007,KOSPI
TIGER 국고채30년스트립액티브,,451530,KR7451530000,KOSPI
TIGER 국채3년,,114820,KR7114820004,KOSPI
TIGER 글로벌4차산업혁신기술(합성 H),,275980,KR7275980001,KOSPI
TIGER 글로벌AI&로보틱스 INDXX,,464310,KR7464310002,KOSPI
TIGER 글로벌AI사이버보안,,418670,KR7418670006,KOSPI
TIGER 글로벌AI액티브,,466950,KR7466950003,KOSPI
TIGER 글로벌AI전력인프라액티브,,491010,KR7491010005,KOSPI
TIGER 글로벌AI플랫폼액티브,,412770,KR7412770000,KOSPI
TIGER 글로벌리튬&2차전지SOLACTIVE(합성),,394670,KR7394670004,KOSPI
TIGER 글로벌멀티에셋TIF액티브,,440340,KR7440340008,KOSPI
TIGER 글로벌비만치료제TOP2Plus,,476690,KR7476690003,KOSPI
TIGER 글로벌온디바이스AI,,480310,KR7480310002,KOSPI
TIGER 글로벌이노베이션액티브,,387270,KR7387270002,KOSPI
TIGER 글로벌자원생산기업(합성 H),,276000,KR7276000007,KOSPI
TIGER 글로벌자율주행&전기차SOLACTIVE,,394660,KR7394660005,KOSPI
TIGER 글로벌클라우드컴퓨팅INDXX,,371450,KR7371450008,KOSPI
TIGER 글로벌혁신블루칩TOP10,,464930,KR7464930007,KOSPI
TIGER 금은선물(H),,139320,KR7139320006,KOSPI
TIGER 농산물선물Enhanced(H),,137610,KR7137610002,KOSPI
TIGER 단기선진하이일드(합성 H),,182490,KR7182490003,KOSPI
TIGER 단기채권액티브,,272580,KR7272580002,KOSPI
TIGER 단기통안채,,157450,KR7157450008,KOSPI
TIGER 라틴35,,105010,KR7105010003,KOSPI
TIGER 레버리지,,123320,KR7123320004,KOSPI
TIGER 로우볼,,174350,KR7174350009,KOSPI
TIGER 리츠부동산인프라,,329200,KR7329200000,KOSPI
TIGER 리츠부동산인프라10채권혼합액티브,,0086C0,KR70086C0007,KOSPI
TIGER 리츠부동산인프라TOP10액티브,,0086B0,KR70086B0008,KOSPI
TIGER 리츠부동산인프라채권,,341850,KR7341850006,KOSPI
TIGER 머니마켓액티브,,0043B0,KR70043B0000,KOSPI
TIGER 모멘텀,,147970,KR7147970008,KOSPI
TIGER 미국30년국채스트립액티브(합성 H),,458250,KR7458250008,KOSPI
TIGER 미국30년국채커버드콜액티브(H),,476550,KR7476550009,KOSPI
TIGER 미국AI데이터센터TOP4Plus,,0142D0,KR70142D0008,KOSPI
TIGER 미국AI반도체팹리스,,491830,KR7491830006,KOSPI
TIGER 미국AI빅테크10,,490090,KR7490090008,KOSPI
TIGER 미국AI빅테크10타겟데일리커버드콜,,493810,KR7493810006,KOSPI
TIGER 미국AI소프트웨어TOP4Plus,,0102A0,KR70102A0009,KOSPI
TIGER 미국AI전력SMR,,0123G0,KR70123G0008,KOSPI
TIGER 미국MSCI리츠(합성 H),,182480,KR7182480004,KOSPI
TIGER 미국S&P500,,360750,KR7360750004,KOSPI
TIGER 미국S&P500(H),,448290,KR7448290007,KOSPI
TIGER 미국S&P500동일가중,,488500,KR7488500000,KOSPI
TIGER 미국S&P500레버리지(합성 H),,225040,KR7225040005,KOSPI
TIGER 미국S&P500배당귀족,,429000,KR7429000003,KOSPI
TIGER 미국S&P500선물(H),,143850,KR7143850006,KOSPI
TIGER 미국S&P500선물인버스(H),,225030,KR7225030006,KOSPI
TIGER 미국S&P500타겟데일리커버드콜,,482730,KR7482730009,KOSPI
TIGER 미국나스닥100,,133690,KR7133690008,KOSPI
TIGER 미국나스닥100(H),,448300,KR7448300004,KOSPI
TIGER 미국나스닥100ETF선물,,483240,KR7483240008,KOSPI
TIGER 미국나스닥100레버리지(합성),,418660,KR7418660007,KOSPI
TIGER 미국나스닥100채권혼합Fn,,435420,KR7435420005,KOSPI
TIGER 미국나스닥100커버드콜(합성),,441680,KR7441680006,KOSPI
TIGER 미국나스닥100타겟데일리커버드콜,,486290,KR7486290000,KOSPI
TIGER 미국나스닥넥스트100,,429010,KR7429010002,KOSPI
TIGER 미국나스닥바이오,,203780,KR7203780002,KOSPI
TIGER 미국다우존스30,,245340,KR7245340005,KOSPI
TIGER 미국달러SOFR금리액티브(합성),,456610,KR7456610005,KOSPI
TIGER 미국달러단기채권액티브,,329750,KR7329750004,KOSPI
TIGER 미국달러선물레버리지,,261110,KR7261110001,KOSPI
TIGER 미국달러선물인버스2X,,261120,KR7261120000,KOSPI
TIGER 미국방산TOP10,,494840,KR7494840002,KOSPI
TIGER 미국배당다우존스,,458730,KR7458730009,KOSPI
TIGER 미국배당다우존스타겟데일리커버드,,0008S0,KR70008S0004,KOSPI
TIGER 미국배당다우존스타겟커버드콜1호,,458750,KR7458750007,KOSPI
TIGER 미국배당다우존스타겟커버드콜2호,,458760,KR7458760006,KOSPI
TIGER 미국소비트렌드액티브,,0015K0,KR70015K0003,KOSPI
TIGER 미국채10년선물,,305080,KR7305080004,KOSPI
TIGER 미국초단기(3개월이하)국채,,0046A0,KR70046A0008,KOSPI
TIGER 미국캐시카우100,,465670,KR7465670008,KOSPI
TIGER 미국테크TOP10 INDXX,,381170,KR7381170000,KOSPI
TIGER 미국테크TOP10 INDXX(H),,472160,KR7472160001,KOSPI
TIGER 미국테크TOP10채권혼합,,472170,KR7472170000,KOSPI
TIGER 미국테크TOP10타겟커버드콜,,474220,KR7474220001,KOSPI
TIGER 미국투자등급회사채액티브(H),,458260,KR7458260007,KOSPI
TIGER 미국필라델피아AI반도체나스닥,,497570,KR7497570002,KOSPI
TIGER 미국필라델피아반도체나스닥,,381180,KR7381180009,KOSPI
TIGER 미국필라델피아반도체레버리지(합성,,423920,KR7423920008,KOSPI
TIGER 미디어컨텐츠,,228810,KR7228810008,KOSPI
TIGER 바이오TOP10,,364970,KR7364970004,KOSPI
TIGER 반도체,,091230,KR7091230003,KOSPI
TIGER 반도체TOP10,,396500,KR7396500001,KOSPI
TIGER 반도체TOP10레버리지,,488080,KR7488080003,KOSPI
TIGER 배당성장,,211560,KR7211560008,KOSPI
TIGER 배당커버드콜액티브,,472150,KR7472150002,KOSPI
TIGER 삼성그룹,,138520,KR7138520002,KOSPI
TIGER 소프트웨어,,157490,KR7157490004,KOSPI
TIGER 엔비디아미국채커버드콜밸런스(합성,,0000D0,KR70000D0009,KOSPI
TIGER 여행레저,,228800,KR7228800009,KOSPI
TIGER 우량가치,,227570,KR7227570009,KOSPI
TIGER 우량회사채액티브,,438330,KR7438330003,KOSPI
TIGER 우선주,,261140,KR7261140008,KOSPI
TIGER 원유선물Enhanced(H),,130680,KR7130680002,KOSPI
TIGER 원유선물인버스(H),,217770,KR7217770007,KOSPI
TIGER 유로스탁스50(합성 H),,195930,KR7195930003,KOSPI
TIGER 유로스탁스레버리지(합성 H),,225050,KR7225050004,KOSPI
TIGER 유로스탁스배당30,,245350,KR7245350004,KOSPI
TIGER 은행,,091220,KR7091220004,KOSPI
TIGER 은행고배당플러스TOP10,,466940,KR7466940004,KOSPI
TIGER 의료기기,,307510,KR7307510008,KOSPI
TIGER 이머징마켓MSCI레버리지(합성 H),,225060,KR7225060003,KOSPI
TIGER 인도니프티50,,453870,KR7453870008,KOSPI
TIGER 인도니프티50레버리지(합성),,236350,KR7236350005,KOSPI
TIGER 인도빌리언컨슈머,,479730,KR7479730004,KOSPI
TIGER 인버스,,123310,KR7123310005,KOSPI
TIGER 인터넷TOP10,,365000,KR7365000009,KOSPI
TIGER 일본TOPIX(합성 H),,195920,KR7195920004,KOSPI
TIGER 일본니케이225,,241180,KR7241180009,KOSPI
TIGER 일본반도체FACTSET,,465660,KR7465660009,KOSPI
TIGER 일본엔선물,,292560,KR7292560000,KOSPI
TIGER 조선TOP10,,494670,KR7494670003,KOSPI
TIGER 종합채권(AA-이상)액티브,,451540,KR7451540009,KOSPI
TIGER 중국소비테마,,150460,KR7150460004,KOSPI
TIGER 중장기국채,,302190,KR7302190004,KOSPI
TIGER 증권,,157500,KR7157500000,KOSPI
TIGER 지주회사,,307520,KR7307520007,KOSPI
TIGER 차이나AI소프트웨어,,0067Y0,KR70067Y0004,KOSPI
TIGER 차이나CSI300,,192090,KR7192090009,KOSPI
TIGER 차이나CSI300레버리지(합성),,204480,KR7204480008,KOSPI
TIGER 차이나CSI300인버스(합성),,217780,KR7217780006,KOSPI
TIGER 차이나HSCEI,,245360,KR7245360003,KOSPI
TIGER 차이나과창판STAR50(합성),,414780,KR7414780007,KOSPI
TIGER 차이나글로벌리더스TOP3+,,0067V0,KR70067V0007,KOSPI
TIGER 차이나바이오테크SOLACTIVE,,371470,KR7371470006,KOSPI
TIGER 차이나반도체FACTSET,,396520,KR7396520009,KOSPI
TIGER 차이나전기차SOLACTIVE,,371460,KR7371460007,KOSPI
TIGER 차이나전기차레버리지(합성),,456680,KR7456680008,KOSPI
TIGER 차이나증권,,0133E0,KR70133E0008,KOSPI
TIGER 차이나클린에너지SOLACTIVE,,396510,KR7396510000,KOSPI
TIGER 차이나테크TOP10,,0047A0,KR70047A0007,KOSPI
TIGER 차이나항셍30,,117690,KR7117690008,KOSPI
TIGER 차이나항셍테크,,371160,KR7371160003,KOSPI
TIGER 차이나항셍테크레버리지(합성 H),,438320,KR7438320004,KOSPI
TIGER 차이나휴머노이드로봇,,0053L0,KR70053L0005,KOSPI
TIGER 코리아AI전력기기TOP3플러스,,0117V0,KR70117V0007,KOSPI
TIGER 코리아TOP10,,292150,KR7292150000,KOSPI
TIGER 코리아배당다우존스,,0052D0,KR70052D0006,KOSPI
TIGER 코리아배당다우존스위클리커버드콜,,0104P0,KR70104P0000,KOSPI
TIGER 코리아밸류업,,496080,KR7496080003,KOSPI
TIGER 코리아원자력,,0091P0,KR70091P0005,KOSPI
TIGER 코리아테크액티브,,471780,KR7471780007,KOSPI
TIGER 코리아휴머노이드로봇산업,,0148J0,KR70148J0006,KOSPI
TIGER 코스닥150,,232080,KR7232080002,KOSPI
TIGER 코스닥150 레버리지,,233160,KR7233160001,KOSPI
TIGER 코스닥150IT,,261060,KR7261060008,KOSPI
TIGER 코스닥150바이오테크,,261070,KR7261070007,KOSPI
TIGER 코스닥150선물인버스,,250780,KR7250780004,KOSPI
TIGER 코스닥글로벌,,461580,KR7461580003,KOSPI
TIGER 코스피,,277630,KR7277630000,KOSPI
TIGER 코스피고배당,,210780,KR7210780003,KOSPI
TIGER 코스피대형주,,277640,KR7277640009,KOSPI
TIGER 코스피중형주,,277650,KR7277650008,KOSPI
TIGER 탄소효율그린뉴딜,,376410,KR7376410007,KOSPI
TIGER 테슬라채권혼합Fn,,447770,KR7447770009,KOSPI
TIGER 토탈월드스탁액티브,,0060H0,KR70060H0002,KOSPI
TIGER 퓨처모빌리티액티브,,387280,KR7387280001,KOSPI
TIGER 한중반도체(합성),,449690,KR7449690007,KOSPI
TIGER 한중전기차(합성),,449680,KR7449680008,KOSPI
TIGER 헬스케어,,143860,KR7143860005,KOSPI
TIGER 현대차그룹플러스,,138540,KR7138540000,KOSPI
TIGER 화장품,,228790,KR7228790002,KOSPI
TIME Korea플러스배당액티브,,441800,KR7441800000,KOSPI
TIME K바이오액티브,,463050,KR7463050005,KOSPI
TIME K신재생에너지액티브,,404120,KR7404120008,KOSPI
TIME K이노베이션액티브,,385710,KR7385710009,KOSPI
TIME K컬처액티브,,410870,KR7410870000,KOSPI
TIME 글로벌AI인공지능액티브,,456600,KR7456600006,KOSPI
TIME 글로벌바이오액티브,,485810,KR7485810006,KOSPI
TIME 글로벌소비트렌드액티브,,494180,KR7494180003,KOSPI
TIME 글로벌우주테크&방산액티브,,478150,KR7478150006,KOSPI
TIME 글로벌탑픽액티브,,0113D0,KR70113D0003,KOSPI
TIME 미국S&P500액티브,,426020,KR7426020004,KOSPI
TIME 미국나스닥100액티브,,426030,KR7426030003,KOSPI
TIME 미국나스닥100채권혼합50액티브,,0019K0,KR70019K0009,KOSPI
TIME 미국배당다우존스액티브,,0036D0,KR70036D0007,KOSPI
TIME 차이나AI테크액티브,,0043Y0,KR70043Y0003,KOSPI
TIME 코리아밸류업액티브,,495060,KR7495060006,KOSPI
TIME 코스피액티브,,385720,KR7385720008,KOSPI
TJ미디어,,032540,KR7032540007,KOSDAQ
TKG휴켐스,,069260,KR7069260008,KOSPI
TP,,007980,KR7007980006,KOSPI
TPC,,048770,KR7048770002,KOSDAQ
TREX 200,,108590,KR7108590001,KOSPI
TREX 펀더멘탈 200,,145850,KR7145850004,KOSPI
TRUSTON 주주가치액티브,,472720,KR7472720002,KOSPI
TRUSTON 코리아밸류업액티브,,496130,KR7496130006,KOSPI
TS인베스트먼트,,246690,KR7246690002,KOSDAQ
TS트릴리온,,317240,KR7317240000,KOSDAQ
TYM,,002900,KR7002900009,KOSPI
UNICORN R&D 액티브,,433250,KR7433250008,KOSPI
UNICORN SK하이닉스밸류체인액티브,,494220,KR7494220007,KOSPI
UNICORN 생성형AI강소기업액티브,,470310,KR7470310004,KOSPI
UNICORN 포스트IPO액티브,,476000,KR7476000005,KOSPI
VITA MZ소비액티브,,422260,KR7422260000,KOSPI
VITA 밸류알파액티브,,452440,KR7452440001,KOSPI
WISCOM,,024070,KR7024070005,KOSPI
WON 200,,448100,KR7448100008,KOSPI
WON AI ESG액티브,,413930,KR7413930009,KOSPI
WON K-글로벌수급상위,,0088N0,KR70088N0002,KOSPI
WON 국공채머니마켓액티브,,458030,KR7458030004,KOSPI
WON 대한민국국고채액티브,,426150,KR7426150009,KOSPI
WON 미국S&P500,,444490,KR7444490007,KOSPI
WON 미국빌리어네어,,489290,KR7489290007,KOSPI
WON 미국우주항공방산,,440910,KR7440910008,KOSPI
WON 반도체밸류체인액티브,,474590,KR7474590007,KOSPI
WON 전단채플러스액티브,,496020,KR7496020009,KOSPI
WON 종합채권(AA-이상)액티브,,488720,KR7488720004,KOSPI
WON 초대형IB&금융지주,,0154F0,KR70154F0001,KOSPI
WON 한국부동산TOP3플러스,,480460,KR7480460005,KOSPI
YBM넷,,057030,KR7057030009,KOSDAQ
YG PLUS,,037270,KR7037270006,KOSPI
YTN,,040300,KR7040300006,KOSDAQ
YW,,051390,KR7051390003,KOSDAQ
iMBC,MBC,052220,KR7052220001,KOSDAQ
iM금융지주,,139130,KR7139130009,KOSPI
가비아,,079940,KR7079940003,KOSDAQ
가온그룹,,078890,KR7078890001,KOSDAQ
가온전선,,000500,KR7000500009,KOSPI
가온칩스,,399720,KR7399720002,KOSDAQ
가이아코퍼레이션,,296520,KR7296520000,KONEX
감성코퍼레이션,,036620,KR7036620003,KOSDAQ
강남제비스코,,000860,KR7000860007,KOSPI
강동씨앤엘,,198440,KR7198440000,KOSDAQ
강스템바이오텍,,217730,KR7217730001,KOSDAQ
강원랜드,,035250,KR7035250000,KOSPI
강원에너지,,114190,KR7114190002,KOSDAQ
갤럭시아머니트리,,094480,KR7094480001,KOSDAQ
갤럭시아에스엠,,011420,KR7011420007,KOSPI
경남스틸,,039240,KR7039240007,KOSDAQ
경남제약,,053950,KR7053950002,KOSDAQ
경농,,002100,KR7002100006,KOSPI
경동나비엔,,009450,KR7009450008,KOSPI
경동도시가스,,267290,KR7267290005,KOSPI
경동인베스트,,012320,KR7012320008,KOSPI
경동제약,,011040,KR7011040003,KOSDAQ
경방,,000050,KR7000050005,KOSPI
경보제약,,214390,KR7214390007,KOSPI
경인양행,,012610,KR7012610002,KOSPI
경인전자,,009140,KR7009140005,KOSPI
경창산업,,024910,KR7024910002,KOSDAQ
계룡건설,,013580,KR7013580006,KOSPI
계양전기,,012200,KR7012200002,KOSPI
계양전기우,,012205,KR7012201000,KOSPI
고려산업,,002140,KR7002140002,KOSPI
고려신용정보,,049720,KR7049720006,KOSDAQ
고려아연,,010130,KR7010130003,KOSPI
고려제강,,002240,KR7002240000,KOSPI
고려제약,,014570,KR7014570006,KOSDAQ
고바이오랩,,348150,KR7348150004,KOSDAQ
고스트스튜디오,,950190,KR8344390008,KOSDAQ
고영,,098460,KR7098460009,KOSDAQ
골드앤에스,,035290,KR7035290006,KOSDAQ
골프존,,215000,KR7215000001,KOSDAQ
골프존홀딩스,,121440,KR7121440002,KOSDAQ
공구우먼,,366030,KR7366030005,KOSDAQ
광동제약,,009290,KR7009290008,KOSPI
광동헬스바이오,,086220,KR7086220001,KONEX
광명전기,,017040,KR7017040007,KOSPI
광무,,029480,KR7029480001,KOSDAQ
광전자,,017900,KR7017900002,KOSPI
광주신세계,,037710,KR7037710001,KOSPI
광진실업,,026910,KR7026910000,KOSDAQ
교보14호스팩,,456490,KR7456490002,KOSDAQ
교보15호스팩,,465320,KR7465320000,KOSDAQ
교보16호스팩,,482520,KR7482520004,KOSDAQ
교보17호스팩,,489210,KR7489210005,KOSDAQ
교보18호스팩,,0041B0,KR70041B0002,KOSDAQ
교보19호스팩,,0098T0,KR70098T0004,KOSDAQ
교보증권,,030610,KR7030610000,KOSPI
교촌에프앤비,교촌,339770,KR7339770000,KOSPI
구영테크,,053270,KR7053270005,KOSDAQ
국도화학,,007690,KR7007690001,KOSPI
국보디자인,,066620,KR7066620006,KOSDAQ
국순당,,043650,KR7043650001,KOSDAQ
국영지앤엠,,006050,KR7006050009,KOSDAQ
국일신동,,060480,KR7060480001,KOSDAQ
국일제지,,078130,KR7078130002,KOSDAQ
국전약품,,307750,KR7307750000,KOSDAQ
국제약품,,002720,KR7002720001,KOSPI
그래디언트,,035080,KR7035080001,KOSDAQ
그래피,,318060,KR7318060001,KOSDAQ
그리드위즈,,453450,KR7453450009,KOSDAQ
그리티,,204020,KR7204020002,KOSDAQ
그린광학,,0015G0,KR70015G0009,KOSDAQ
그린리소스,,402490,KR7402490007,KOSDAQ
그린생명과학,,114450,KR7114450000,KOSDAQ
그린케미칼,,083420,KR7083420000,KOSPI
그린플러스,,186230,KR7186230009,KOSDAQ
극동유화,,014530,KR7014530000,KOSPI
글로벌텍스프리,,204620,KR7204620009,KOSDAQ
글로본,,019660,KR7019660000,KOSDAQ
금강공업,,014280,KR7014280002,KOSPI
금강공업우,,014285,KR7014281000,KOSPI
금강철강,,053260,KR7053260006,KOSDAQ
금비,,008870,KR7008870008,KOSPI
금양,,001570,KR7001570001,KOSPI
금양그린파워,,282720,KR7282720002,KOSDAQ
금호건설,,002990,KR7002990000,KOSPI
금호건설우,,002995,KR7002991008,KOSPI
금호석유화학,,011780,KR7011780004,KOSPI
금호석유화학우,,011785,KR7011781002,KOSPI
금호에이치티,,214330,KR7214330003,KOSPI
금호전기,,001210,KR7001210004,KOSPI
금호타이어,,073240,KR7073240004,KOSPI
금화피에스시,,036190,KR7036190007,KOSDAQ
기가레인,,049080,KR7049080005,KOSDAQ
기가비스,,420770,KR7420770000,KOSDAQ
기산텔레콤,,035460,KR7035460005,KOSDAQ
기신정기,,092440,KR7092440007,KOSPI
기아,,000270,KR7000270009,KOSPI
기업은행,,024110,KR7024110009,KOSPI
까뮤이앤씨,,013700,KR7013700000,KOSPI
깨끗한나라,,004540,KR7004540001,KOSPI
깨끗한나라우,,004545,KR7004541009,KOSPI
꿈비,,407400,KR7407400001,KOSDAQ
나노,,187790,KR7187790001,KOSDAQ
나노신소재,,121600,KR7121600001,KOSDAQ
나노실리칸첨단소재,,286750,KR7286750005,KOSDAQ
나노씨엠에스,,247660,KR7247660004,KOSDAQ
나노엔텍,,039860,KR7039860002,KOSDAQ
나노캠텍,,091970,KR7091970004,KOSDAQ
나노팀,,417010,KR7417010006,KOSDAQ
나눔테크,,244880,KR7244880001,KONEX
나라셀라,,405920,KR7405920000,KOSDAQ
나라소프트,,288490,KR7288490006,KONEX
나라스페이스테크놀로지,,478340,KR7478340003,KOSDAQ
나라엠앤디,,051490,KR7051490001,KOSDAQ
나래나노텍,,137080,KR7137080008,KOSDAQ
나무가,,190510,KR7190510008,KOSDAQ
나무기술,,242040,KR7242040004,KOSDAQ
나우IB,,293580,KR7293580007,KOSDAQ
나우로보틱스,,459510,KR7459510004,KOSDAQ
나우코스,,257990,KR7257990002,KONEX
나이벡,,138610,KR7138610001,KOSDAQ
나이스디앤비,,130580,KR7130580004,KOSDAQ
나이스정보통신,,036800,KR7036800001,KOSDAQ
나인테크,,267320,KR7267320000,KOSDAQ
남광토건,,001260,KR7001260009,KOSPI
남선알미늄,,008350,KR7008350001,KOSPI
남선알미우,,008355,KR7008351009,KOSPI
남성,,004270,KR7004270005,KOSPI
남양유업,,003920,KR7003920006,KOSPI
남양유업우,,003925,KR7003921004,KOSPI
남해화학,,025860,KR7025860008,KOSPI
남화산업,,111710,KR7111710000,KOSDAQ
남화토건,,091590,KR7091590000,KOSDAQ
내츄럴엔도텍,,168330,KR7168330009,KOSDAQ
네오리진,,094860,KR7094860004,KOSDAQ
네오셈,,253590,KR7253590004,KOSDAQ
네오오토,,212560,KR7212560007,KOSDAQ
네오위즈,,095660,KR7095660007,KOSDAQ
네오위즈홀딩스,,042420,KR7042420000,KOSDAQ
네오이뮨텍,,950220,KR8840140006,KOSDAQ
네오크레마,,311390,KR7311390009,KOSDAQ
네오티스,,085910,KR7085910008,KOSDAQ
네오팜,,092730,KR7092730001,KOSDAQ
네오펙트,,290660,KR7290660000,KOSDAQ
네이블,,153460,KR7153460001,KOSDAQ
네이처셀,,007390,KR7007390008,KOSDAQ
네패스,,033640,KR7033640004,KOSDAQ
네패스아크,,330860,KR7330860008,KOSDAQ
넥사다이내믹스,,351320,KR7351320007,KOSDAQ
넥센,,005720,KR7005720008,KOSPI
넥센우,,005725,KR7005721006,KOSPI
넥센타이어,,002350,KR7002350007,KOSPI
넥센타이어1우B,,002355,KR7002351005,KOSPI
넥스턴앤롤코리아,,089140,KR7089140008,KOSDAQ
넥스트바이오메디컬,,389650,KR7389650003,KOSDAQ
넥스트아이,,137940,KR7137940003,KOSDAQ
넥스트칩,,396270,KR7396270001,KOSDAQ
넥스틴,,348210,KR7348210006,KOSDAQ
넥스틸,,092790,KR7092790005,KOSPI
넥슨게임즈,,225570,KR7225570001,KOSDAQ
넥써쓰,,205500,KR7205500002,KOSDAQ
넵튠,,217270,KR7217270008,KOSDAQ
넷마블,,251270,KR7251270005,KOSPI
노드메이슨,,317860,KR7317860005,KONEX
노랑풍선,,104620,KR7104620000,KOSDAQ
노루페인트,,090350,KR7090350000,KOSPI
노루페인트우,,090355,KR7090351008,KOSPI
노루홀딩스,,000320,KR7000320002,KOSPI
노루홀딩스우,,000325,KR7000321000,KOSPI
노머스,,473980,KR7473980001,KOSDAQ
노바렉스,,194700,KR7194700001,KOSDAQ
노바텍,,285490,KR7285490009,KOSDAQ
노브랜드,,145170,KR7145170007,KOSDAQ
노브메타파마,,229500,KR7229500004,KONEX
노블엠앤비,,106520,KR7106520000,KOSDAQ
노을,,376930,KR7376930004,KOSDAQ
노타,,486990,KR7486990005,KOSDAQ
녹십자,,006280,KR7006280002,KOSPI
녹십자엠에스,,142280,KR7142280007,KOSDAQ
녹십자웰빙,,234690,KR7234690006,KOSDAQ
녹십자홀딩스,,005250,KR7005250006,KOSPI
녹십자홀딩스2우,,005257,KR7005252002,KOSPI
농심,,004370,KR7004370003,KOSPI
농심홀딩스,,072710,KR7072710007,KOSPI
농우바이오,,054050,KR7054050000,KOSDAQ
누리플랜,,069140,KR7069140002,KOSDAQ
누리플렉스,,040160,KR7040160004,KOSDAQ
누보,,332290,KR7332290006,KOSDAQ
뉴로메카,,348340,KR7348340001,KOSDAQ
뉴로핏,,380550,KR7380550004,KOSDAQ
뉴보텍,,060260,KR7060260007,KOSDAQ
뉴엔AI,,463020,KR7463020008,KOSDAQ
뉴온,,123840,KR7123840001,KOSDAQ
뉴인텍,,012340,KR7012340006,KOSDAQ
뉴키즈온,,462310,KR7462310004,KOSDAQ
뉴트리,,270870,KR7270870009,KOSDAQ
뉴파워프라즈마,,144960,KR7144960002,KOSDAQ
뉴프렉스,,085670,KR7085670008,KOSDAQ
다날,,064260,KR7064260003,KOSDAQ
다보링크,,340360,KR7340360007,KOSDAQ
다산네트웍스,,039560,KR7039560008,KOSDAQ
다산디엠씨,,208860,KR7208860007,KOSDAQ
다산솔루에타,,154040,KR7154040000,KOSDAQ
다스코,,058730,KR7058730003,KOSPI
다올투자증권,,030210,KR7030210009,KOSPI
다우기술,,023590,KR7023590003,KOSPI
다우데이타,,032190,KR7032190001,KOSDAQ
다원넥스뷰,,323350,KR7323350009,KOSDAQ
다원시스,,068240,KR7068240001,KOSDAQ
다이나믹디자인,,145210,KR7145210001,KOSPI
달바글로벌,,483650,KR7483650008,KOSPI
닷밀,,464580,KR7464580000,KOSDAQ
대교,,019680,KR7019680008,KOSPI
대교우B,,019685,KR7019681006,KOSPI
대구백화점,,006370,KR7006370001,KOSPI
대덕,,008060,KR7008060006,KOSPI
대덕1우,,00806K,KR700806K010,KOSPI
대덕전자,,353200,KR7353200009,KOSPI
대덕전자1우,,35320K,KR735320K011,KOSPI
대동,,000490,KR7000490003,KOSPI
대동고려삼,,178600,KR7178600003,KONEX
대동금속,,020400,KR7020400008,KOSDAQ
대동기어,,008830,KR7008830002,KOSDAQ
대동스틸,,048470,KR7048470009,KOSDAQ
대동전자,,008110,KR7008110009,KOSPI
대륙제관,,004780,KR7004780003,KOSDAQ
대림바스,,005750,KR7005750005,KOSPI
대림제지,,017650,KR7017650003,KOSDAQ
대림통상,,006570,KR7006570006,KOSPI
대명에너지,,389260,KR7389260001,KOSDAQ
대모,,317850,KR7317850006,KOSDAQ
대보마그네틱,,290670,KR7290670009,KOSDAQ
대봉엘에스,,078140,KR7078140001,KOSDAQ
대산F&B,,065150,KR7065150005,KOSDAQ
대상,,001680,KR7001680008,KOSPI
대상우,,001685,KR7001681006,KOSPI
대상홀딩스,,084690,KR7084690007,KOSPI
대상홀딩스우,,084695,KR7084691005,KOSPI
대성미생물,,036480,KR7036480002,KOSDAQ
대성산업,,128820,KR7128820008,KOSPI
대성에너지,,117580,KR7117580001,KOSPI
대성창투,,027830,KR7027830009,KOSDAQ
대성파인텍,,104040,KR7104040001,KOSDAQ
대성하이텍,,129920,KR7129920005,KOSDAQ
대성홀딩스,,016710,KR7016710006,KOSPI
대신 KOSPI200인덱스 X클래스,,0106J0,KR70106J0006,KOSPI
대신밸런스제16호스팩,,457630,KR7457630002,KOSDAQ
대신밸런스제17호스팩,,471050,KR7471050005,KOSDAQ
대신밸런스제19호스팩,,482690,KR7482690005,KOSDAQ
대신밸류리츠,,0030R0,KR70030R0007,KOSPI
대신정보통신,,020180,KR7020180006,KOSDAQ
대신증권,,003540,KR7003540002,KOSPI
대신증권2우B,,003547,KR7003542008,KOSPI
대신증권우,,003545,KR7003541000,KOSPI
대아티아이,,045390,KR7045390002,KOSDAQ
대양금속,,009190,KR7009190000,KOSPI
대양전기공업,,108380,KR7108380007,KOSDAQ
대영포장,,014160,KR7014160006,KOSPI
대우건설,,047040,KR7047040001,KOSPI
대웅,,003090,KR7003090008,KOSPI
대웅제약,,069620,KR7069620003,KOSPI
대원,,007680,KR7007680002,KOSDAQ
대원강업,,000430,KR7000430009,KOSPI
대원미디어,,048910,KR7048910004,KOSDAQ
대원산업,,005710,KR7005710009,KOSDAQ
대원전선,,006340,KR7006340004,KOSPI
대원전선우,,006345,KR7006341002,KOSPI
대원제약,,003220,KR7003220001,KOSPI
대원화성,,024890,KR7024890006,KOSPI
대유에이텍,,002880,KR7002880003,KOSPI
대정화금,,120240,KR7120240007,KOSDAQ
대주산업,,003310,KR7003310000,KOSDAQ
대주이엔티,,114920,KR7114920002,KONEX
대주전자재료,,078600,KR7078600004,KOSDAQ
대진첨단소재,,393970,KR7393970009,KOSDAQ
대창,,012800,KR7012800009,KOSPI
대창단조,,015230,KR7015230006,KOSPI
대창솔루션,,096350,KR7096350004,KOSDAQ
대창스틸,,140520,KR7140520008,KOSDAQ
대한과학,,131220,KR7131220006,KOSDAQ
대한광통신,,010170,KR7010170009,KOSDAQ
대한뉴팜,,054670,KR7054670005,KOSDAQ
대한방직,,001070,KR7001070002,KOSPI
대한약품,,023910,KR7023910003,KOSDAQ
대한유화,,006650,KR7006650006,KOSPI
대한전선,,001440,KR7001440007,KOSPI
대한제강,,084010,KR7084010008,KOSPI
대한제당,,001790,KR7001790005,KOSPI
대한제당우,,001795,KR7001791003,KOSPI
대한제분,,001130,KR7001130004,KOSPI
대한조선,,439260,KR7439260001,KOSPI
대한항공,,003490,KR7003490000,KOSPI
대한항공우,,003495,KR7003491008,KOSPI
대한해운,,005880,KR7005880000,KOSPI
대한화섬,,003830,KR7003830007,KOSPI
대현,,016090,KR7016090003,KOSPI
대호에이엘,,069460,KR7069460004,KOSPI
대호특수강,,021040,KR7021040001,KOSDAQ
대호특수강우,,021045,KR7021041009,KOSDAQ
대화제약,,067080,KR7067080002,KOSDAQ
더네이쳐홀딩스,,298540,KR7298540006,KOSDAQ
더라미,,032860,KR7032860009,KOSDAQ
더본코리아,,475560,KR7475560009,KOSPI
더블유게임즈,,192080,KR7192080000,KOSPI
더블유씨피,WCP,393890,KR7393890009,KOSDAQ
더블유에스아이,WSI,299170,KR7299170001,KOSDAQ
더제이 중소형포커스액티브,,0053M0,KR70053M0004,KOSPI
더존비즈온,,012510,KR7012510004,KOSPI
더즌,,462860,KR7462860008,KOSDAQ
더코디,,224060,KR7224060004,KOSDAQ
더콘텐츠온,,302920,KR7302920004,KONEX
더테크놀로지,,043090,KR7043090000,KOSDAQ
더핑크퐁컴퍼니,,403850,KR7403850001,KOSDAQ
덕산네오룩스,,213420,KR7213420003,KOSDAQ
덕산테코피아,,317330,KR7317330009,KOSDAQ
덕산하이메탈,,077360,KR7077360006,KOSDAQ
덕성,,004830,KR7004830006,KOSPI
덕성우,,004835,KR7004831004,KOSPI
덕신이피씨,,090410,KR7090410002,KOSDAQ
덕양에너젠,,0001A0,KR70001A0001,KOSDAQ
덕우전자,,263600,KR7263600009,KOSDAQ
데브시스터즈,,194480,KR7194480000,KOSDAQ
데이원컴퍼니,,373160,KR7373160001,KOSDAQ
데이타솔루션,,263800,KR7263800005,KOSDAQ
데이터스트림즈,,199150,KR7199150004,KONEX
덱스터,,206560,KR7206560005,KOSDAQ
덴티스,,261200,KR7261200000,KOSDAQ
덴티움,,145720,KR7145720009,KOSPI
도부,,227420,KR7227420007,KONEX
도우인시스,,484120,KR7484120001,KOSDAQ
도이치모터스,,067990,KR7067990002,KOSDAQ
도화엔지니어링,,002150,KR7002150001,KOSPI
동구바이오제약,,006620,KR7006620009,KOSDAQ
동국S&C,,100130,KR7100130004,KOSDAQ
동국산업,,005160,KR7005160007,KOSDAQ
동국생명과학,,303810,KR7303810006,KOSDAQ
동국씨엠,,460850,KR7460850001,KOSPI
동국알앤에스,,075970,KR7075970004,KOSDAQ
동국제강,,460860,KR7460860000,KOSPI
동국제약,,086450,KR7086450004,KOSDAQ
동국홀딩스,,001230,KR7001230002,KOSPI
동남합성,,023450,KR7023450000,KOSPI
동방,,004140,KR7004140000,KOSPI
동방메디컬,,240550,KR7240550004,KOSDAQ
동방선기,,099410,KR7099410003,KOSDAQ
동방아그로,,007590,KR7007590003,KOSPI
동부건설,,005960,KR7005960000,KOSPI
동부건설우,,005965,KR7005961008,KOSPI
동서,,026960,KR7026960005,KOSPI
동성제약,,002210,KR7002210003,KOSPI
동성케미컬,,102260,KR7102260007,KOSPI
동성화인텍,,033500,KR7033500000,KOSDAQ
동신건설,,025950,KR7025950007,KOSDAQ
동아쏘시오홀딩스,,000640,KR7000640003,KOSPI
동아에스티,,170900,KR7170900005,KOSPI
동아엘텍,,088130,KR7088130000,KOSDAQ
동아지질,,028100,KR7028100006,KOSPI
동아화성,,041930,KR7041930009,KOSDAQ
동양,,001520,KR7001520006,KOSPI
동양2우B,,001527,KR7001522002,KOSPI
동양고속,,084670,KR7084670009,KOSPI
동양생명,,082640,KR7082640004,KOSPI
동양에스텍,,060380,KR7060380003,KOSDAQ
동양우,,001525,KR7001521004,KOSPI
동양이엔피,동양E&P,079960,KR7079960001,KOSDAQ
동양파일,,228340,KR7228340006,KOSDAQ
동우팜투테이블,,088910,KR7088910005,KOSDAQ
동운아나텍,,094170,KR7094170008,KOSDAQ
동원개발,,013120,KR7013120001,KOSDAQ
동원금속,,018500,KR7018500009,KOSPI
동원산업,,006040,KR7006040000,KOSPI
동원수산,,030720,KR7030720007,KOSPI
동원시스템즈,,014820,KR7014820005,KOSPI
동원시스템즈우,,014825,KR7014821003,KOSPI
동인기연,,111380,KR7111380002,KOSPI
동일고무벨트,,163560,KR7163560006,KOSPI
동일금속,,109860,KR7109860007,KOSDAQ
동일기연,,032960,KR7032960007,KOSDAQ
동일산업,,004890,KR7004890000,KOSPI
동일스틸럭스,,023790,KR7023790009,KOSDAQ
동일제강,,002690,KR7002690006,KOSPI
동진쎄미켐,,005290,KR7005290002,KOSDAQ
동화기업,,025900,KR7025900002,KOSDAQ
동화약품,,000020,KR7000020008,KOSPI
두산,,000150,KR7000150003,KOSPI
두산2우B,,000157,KR7000152009,KOSPI
두산로보틱스,,454910,KR7454910001,KOSPI
두산밥캣,,241560,KR7241560002,KOSPI
두산에너빌리티,,034020,KR7034020008,KOSPI
두산우,,000155,KR7000151001,KOSPI
두산테스나,,131970,KR7131970006,KOSDAQ
두산퓨얼셀,,336260,KR7336260005,KOSPI
두산퓨얼셀1우,,33626K,KR733626K013,KOSPI
두산퓨얼셀2우B,,33626L,KR733626K021,KOSPI
두올,,016740,KR7016740003,KOSPI
듀오백,,073190,KR7073190001,KOSDAQ
듀켐바이오,,176750,KR7176750008,KOSDAQ
드래곤플라이,,030350,KR7030350003,KOSDAQ
드림시큐리티,,203650,KR7203650007,KOSDAQ
드림씨아이에스,드림CIS,223250,KR7223250002,KOSDAQ
드림어스컴퍼니,,060570,KR7060570009,KOSDAQ
드림인사이트,,362990,KR7362990004,KOSDAQ
드림텍,,192650,KR7192650000,KOSPI
디모아,,016670,KR7016670002,KOSDAQ
디바이스,,187870,KR7187870001,KOSDAQ
디비금융제13호스팩,,489730,KR7489730002,KOSDAQ
디비금융제14호스팩,,0004Y0,KR70004Y0000,KOSDAQ
디씨엠,,024090,KR7024090003,KOSPI
디아이,,003160,KR7003160009,KOSPI
디아이씨,,092200,KR7092200005,KOSPI
디아이티,,110990,KR7110990009,KOSDAQ
디알젬,,263690,KR7263690000,KOSDAQ
디알텍,,214680,KR7214680001,KOSDAQ
디앤디파마텍,D&D파마텍/DND파마텍,347850,KR7347850000,KOSDAQ
디앤디플랫폼리츠,,377190,KR7377190004,KOSPI
디앤씨미디어,D&C미디어/DNC미디어,263720,KR7263720005,KOSDAQ
디어유,DEARU/DEAR U,376300,KR7376300000,KOSDAQ
디에스케이,,109740,KR7109740001,KOSDAQ
디에이치엑스컴퍼니,더핑크퐁컴퍼니,031860,KR7031860000,KOSDAQ
디에이테크놀로지,DA테크놀로지,196490,KR7196490007,KOSDAQ
디에이피,,066900,KR7066900002,KOSDAQ
디엔에프,,092070,KR7092070002,KOSDAQ
디오,,039840,KR7039840004,KOSDAQ
디와이,,013570,KR7013570007,KOSPI
디와이덕양,,024900,KR7024900003,KOSPI
디와이디,,219550,KR7219550001,KOSDAQ
디와이씨,,310870,KR7310870001,KOSDAQ
디와이파워,,210540,KR7210540001,KOSPI
디와이피엔에프,,104460,KR7104460001,KOSDAQ
디이엔티,,079810,KR7079810008,KOSDAQ
디젠스,,113810,KR7113810006,KOSDAQ
디지아이,,043360,KR7043360007,KOSDAQ
디지캡,,197140,KR7197140007,KOSDAQ
디지털대성,,068930,KR7068930007,KOSDAQ
디지틀조선,,033130,KR7033130006,KOSDAQ
디케이락,,105740,KR7105740005,KOSDAQ
디케이앤디,,263020,KR7263020000,KOSDAQ
디케이티,,290550,KR7290550003,KOSDAQ
디티씨,,066670,KR7066670001,KOSDAQ
디티앤씨,,187220,KR7187220009,KOSDAQ
디티앤씨알오,,383930,KR7383930005,KOSDAQ
딜리,,131180,KR7131180002,KOSDAQ
딥노이드,,315640,KR7315640003,KOSDAQ
라닉스,,317120,KR7317120004,KOSDAQ
라메디텍,,462510,KR7462510009,KOSDAQ
라온로보틱스,,232680,KR7232680009,KOSDAQ
라온시큐어,,042510,KR7042510008,KOSDAQ
라온텍,,418420,KR7418420006,KOSDAQ
라온피플,,300120,KR7300120003,KOSDAQ
라이온켐텍,,171120,KR7171120009,KOSDAQ
라이콤,,388790,KR7388790008,KOSDAQ
라파스,,214260,KR7214260002,KOSDAQ
라피치,,403360,KR7403360001,KONEX
램테크놀러지,,171010,KR7171010002,KOSDAQ
랩지노믹스,,084650,KR7084650001,KOSDAQ
러셀,,217500,KR7217500008,KOSDAQ
럭스피아,,092590,KR7092590009,KONEX
레드우즈,,266170,KR7266170000,KONEX
레드캡투어,,038390,KR7038390001,KOSDAQ
레몬,,294140,KR7294140009,KOSDAQ
레뷰코퍼레이션,,443250,KR7443250006,KOSDAQ
레이,,228670,KR7228670006,KOSDAQ
레이언스,,228850,KR7228850004,KOSDAQ
레이저쎌,,412350,KR7412350001,KOSDAQ
레이저옵텍,,199550,KR7199550005,KOSDAQ
레이크머티리얼즈,,281740,KR7281740001,KOSDAQ
레인보우로보틱스,,277810,KR7277810008,KOSDAQ
로보로보,,215100,KR7215100009,KOSDAQ
로보스타,,090360,KR7090360009,KOSDAQ
로보쓰리에이아이,,238500,KR7238500003,KONEX
로보티즈,,108490,KR7108490004,KOSDAQ
로젠,,033290,KR7033290008,KOSDAQ
로지스몬,,223220,KR7223220005,KONEX
로지시스,,067730,KR7067730002,KOSDAQ
로체시스템즈,,071280,KR7071280002,KOSDAQ
로킷헬스케어,,376900,KR7376900007,KOSDAQ
롤링스톤,,214610,KR7214610008,KOSDAQ
롯데관광개발,,032350,KR7032350001,KOSPI
롯데렌탈,,089860,KR7089860001,KOSPI
롯데리츠,,330590,KR7330590001,KOSPI
롯데손해보험,,000400,KR7000400002,KOSPI
롯데쇼핑,,023530,KR7023530009,KOSPI
롯데에너지머티리얼즈,,020150,KR7020150009,KOSPI
롯데웰푸드,,280360,KR7280360009,KOSPI
롯데이노베이트,,286940,KR7286940002,KOSPI
롯데정밀화학,,004000,KR7004000006,KOSPI
롯데지주,,004990,KR7004990008,KOSPI
롯데지주우,,00499K,KR700499K014,KOSPI
롯데칠성,,005300,KR7005300009,KOSPI
롯데칠성우,,005305,KR7005301007,KOSPI
롯데케미칼,,011170,KR7011170008,KOSPI
롯데하이마트,하이마트,071840,KR7071840003,KOSPI
루닛,,328130,KR7328130000,KOSDAQ
루멘스,,038060,KR7038060000,KOSDAQ
루미르,,474170,KR7474170008,KOSDAQ
루켄테크놀러지스,,162120,KR7162120000,KONEX
루트락,,253610,KR7253610000,KONEX
리가켐바이오,,141080,KR7141080002,KOSDAQ
리노공업,,058470,KR7058470006,KOSDAQ
리더스코스메틱,,016100,KR7016100000,KOSDAQ
리드코프,,012700,KR7012700001,KOSDAQ
리메드,,302550,KR7302550009,KOSDAQ
리브스메드,,491000,KR7491000006,KOSDAQ
리튬포어스,,073570,KR7073570004,KOSDAQ
리파인,,377450,KR7377450002,KOSDAQ
린드먼아시아,,277070,KR7277070009,KOSDAQ
링네트,,042500,KR7042500009,KOSDAQ
링크드,,193250,KR7193250008,KOSDAQ
링크솔루션,,474650,KR7474650009,KOSDAQ
링크제니시스,,219420,KR7219420007,KOSDAQ
마녀공장,,439090,KR7439090002,KOSDAQ
마니커,,027740,KR7027740000,KOSPI
마니커에프앤지,,195500,KR7195500004,KOSDAQ
마스턴프리미어리츠,,357430,KR7357430008,KOSPI
마음AI,,377480,KR7377480009,KOSDAQ
마이다스 일본테크액티브,,488290,KR7488290008,KOSPI
마이다스 중소형액티브,,438740,KR7438740003,KOSPI
마이다스 코스피액티브,,403790,KR7403790009,KOSPI
마이크로디지탈,,305090,KR7305090003,KOSDAQ
마이크로엔엑스,,448780,KR7448780007,KONEX
마이크로컨텍솔,,098120,KR7098120009,KOSDAQ
마이크로투나노,,424980,KR7424980001,KOSDAQ
마이티 200TR,,0112X0,KR70112X0000,KOSPI
마이티 26-09 특수채(AAA)액티브,,465780,KR7465780005,KOSPI
마이티 다이나믹퀀트액티브,,442260,KR7442260006,KOSPI
마이티 바이오시밀러&CDMO액티브,,0001P0,KR70001P0004,KOSPI
마이티 코스피100,,159800,KR7159800002,KOSPI
마크로젠,,038290,KR7038290003,KOSDAQ
만호제강,,001080,KR7001080001,KOSPI
매일유업,,267980,KR7267980001,KOSDAQ
매일홀딩스,,005990,KR7005990007,KOSDAQ
매커스,,093520,KR7093520005,KOSDAQ
맥쿼리인프라,,088980,KR7088980008,KOSPI
맵스리얼티,,094800,KR7094800000,KOSPI
머니무브,,179720,KR7179720008,KONEX
머큐리,,100590,KR7100590009,KOSDAQ
멀티캠퍼스,,067280,KR7067280008,KOSDAQ
메가스터디,,072870,KR7072870009,KOSDAQ
메가스터디교육,,215200,KR7215200007,KOSDAQ
메가엠디,,133750,KR7133750000,KOSDAQ
메가터치,,446540,KR7446540007,KOSDAQ
메드팩토,,235980,KR7235980000,KOSDAQ
메디쎄이,,200580,KR7200580009,KONEX
메디아나,,041920,KR7041920000,KOSDAQ
메디안디노스틱,,233250,KR7233250000,KONEX
메디앙스,,014100,KR7014100002,KOSDAQ
메디젠휴먼케어,,236340,KR7236340006,KONEX
메디콕스,,054180,KR7054180005,KOSDAQ
메디톡스,,086900,KR7086900008,KOSDAQ
메디포스트,,078160,KR7078160009,KOSDAQ
메리츠금융지주,,138040,KR7138040001,KOSPI
메리츠제1호스팩,,0088D0,KR70088D0004,KOSDAQ
메쎄이상,,408920,KR7408920007,KOSDAQ
메이슨캐피탈,,021880,KR7021880000,KOSDAQ
메지온,,140410,KR7140410002,KOSDAQ
메카로,,241770,KR7241770007,KOSDAQ
메타랩스,,090370,KR7090370008,KOSPI
메타바이오메드,,059210,KR7059210005,KOSDAQ
메타케어,,118000,KR7118000009,KOSPI
멕아이씨에스,,058110,KR7058110008,KOSDAQ
멤레이비티,,072770,KR7072770001,KOSDAQ
명문제약,,017180,KR7017180001,KOSPI
명신산업,,009900,KR7009900002,KOSPI
명인제약,,317450,KR7317450005,KOSPI
모나리자,,012690,KR7012690004,KOSPI
모나미,,005360,KR7005360003,KOSPI
모나용평,,070960,KR7070960000,KOSPI
모니터랩,,434480,KR7434480000,KOSDAQ
모다이노칩,,080420,KR7080420003,KOSDAQ
모델솔루션,,417970,KR7417970001,KOSDAQ
모두투어,,080160,KR7080160005,KOSDAQ
모바일어플라이언스,,087260,KR7087260006,KOSDAQ
모베이스,,101330,KR7101330009,KOSDAQ
모베이스전자,,012860,KR7012860003,KOSDAQ
모비데이즈,,363260,KR7363260001,KOSDAQ
모비릭스,,348030,KR7348030008,KOSDAQ
모비스,,250060,KR7250060001,KOSDAQ
모아데이타,,288980,KR7288980006,KOSDAQ
모아라이프플러스,,142760,KR7142760008,KOSDAQ
모아텍,,033200,KR7033200007,KOSDAQ
모코엠시스,,333050,KR7333050003,KOSDAQ
모토닉,,009680,KR7009680000,KOSPI
모트렉스,,118990,KR7118990001,KOSDAQ
모티브링크,,463480,KR7463480004,KOSDAQ
모헨즈,,006920,KR7006920003,KOSDAQ
무림P&P,무림피앤피,009580,KR7009580002,KOSPI
무림SP,,001810,KR7001810001,KOSDAQ
무림페이퍼,,009200,KR7009200007,KOSPI
무진메디,,322970,KR7322970005,KONEX
무학,,033920,KR7033920000,KOSPI
문배철강,,008420,KR7008420002,KOSPI
미디어젠,,279600,KR7279600001,KOSDAQ
미래나노텍,,095500,KR7095500005,KOSDAQ
미래반도체,,254490,KR7254490006,KOSDAQ
미래산업,,025560,KR7025560004,KOSPI
미래생명자원,,218150,KR7218150001,KOSDAQ
미래아이앤지,,007120,KR7007120009,KOSPI
미래에셋글로벌리츠,,396690,KR7396690000,KOSPI
미래에셋맵스리츠,,357250,KR7357250000,KOSPI
미래에셋벤처투자,,100790,KR7100790005,KOSDAQ
미래에셋비전스팩10호,,0097F0,KR70097F0001,KOSDAQ
미래에셋비전스팩11호,,0099W0,KR70099W0008,KOSDAQ
미래에셋비전스팩4호,,477380,KR7477380000,KOSDAQ
미래에셋비전스팩5호,,477470,KR7477470009,KOSDAQ
미래에셋비전스팩6호,,478440,KR7478440001,KOSDAQ
미래에셋비전스팩7호,,482680,KR7482680006,KOSDAQ
미래에셋비전스팩8호,,0093G0,KR70093G0004,KOSDAQ
미래에셋비전스팩9호,,0096D0,KR70096D0004,KOSDAQ
미래에셋생명,,085620,KR7085620003,KOSPI
미래에셋증권,,006800,KR7006800007,KOSPI
미래에셋증권2우B,,00680K,KR700680K019,KOSPI
미래에셋증권우,,006805,KR7006801005,KOSPI
미래엔에듀파트너,,208890,KR7208890004,KONEX
미래컴퍼니,,049950,KR7049950009,KOSDAQ
미스터블루,,207760,KR7207760000,KOSDAQ
미스토홀딩스,,081660,KR7081660003,KOSPI
미원상사,,002840,KR7002840007,KOSPI
미원에스씨,,268280,KR7268280005,KOSPI
미원홀딩스,,107590,KR7107590002,KOSPI
미원화학,,134380,KR7134380005,KOSPI
미쥬,,351020,KR7351020003,KONEX
미창석유,,003650,KR7003650009,KOSPI
미코,,059090,KR7059090001,KOSDAQ
미투온,,201490,KR7201490000,KOSDAQ
미트박스,,475460,KR7475460002,KOSDAQ
민테크,,452200,KR7452200009,KOSDAQ
바디텍메드,,206640,KR7206640005,KOSDAQ
바른손,,018700,KR7018700005,KOSDAQ
바른손이앤에이,,035620,KR7035620004,KOSDAQ
바스칸바이오제약,,354390,KR7354390007,KONEX
바이넥스,,053030,KR7053030003,KOSDAQ
바이브컴퍼니,,301300,KR7301300000,KOSDAQ
바이오노트,,377740,KR7377740006,KOSPI
바이오니아,,064550,KR7064550007,KOSDAQ
바이오다인,,314930,KR7314930009,KOSDAQ
바이오비쥬,,489460,KR7489460006,KOSDAQ
바이오솔루션,,086820,KR7086820008,KOSDAQ
바이오스마트,,038460,KR7038460002,KOSDAQ
바이오에프디엔씨,바이오FD&C,251120,KR7251120002,KOSDAQ
바이오인프라,,199730,KR7199730003,KOSDAQ
바이오인프라생명과학,,266470,KR7266470004,KONEX
바이오텐,,289170,KR7289170003,KONEX
바이오톡스텍,,086040,KR7086040003,KOSDAQ
바이오포트,,188040,KR7188040000,KOSDAQ
바이오프로테크,,199290,KR7199290008,KONEX
바이오플러스,,099430,KR7099430001,KOSDAQ
바이온,,032980,KR7032980005,KOSDAQ
바이젠셀,,308080,KR7308080001,KOSDAQ
바텍,,043150,KR7043150002,KOSDAQ
박셀바이오,,323990,KR7323990002,KOSDAQ
방림,,003610,KR7003610003,KOSPI
배럴,,267790,KR7267790004,KOSDAQ
백금T&A,,046310,KR7046310009,KOSDAQ
백산,,035150,KR7035150002,KOSPI
밸로프,,331520,KR7331520007,KOSDAQ
뱅크웨어글로벌,,199480,KR7199480005,KOSDAQ
버넥트,,438700,KR7438700007,KOSDAQ
버킷스튜디오,,066410,KR7066410002,KOSDAQ
범양건영,,002410,KR7002410009,KOSPI
범한퓨얼셀,,382900,KR7382900009,KOSDAQ
베노티앤알,,206400,KR7206400004,KOSDAQ
베뉴지,,019010,KR7019010008,KOSDAQ
베셀,,177350,KR7177350006,KOSDAQ
벡트,,457600,KR7457600005,KOSDAQ
벨로크,,424760,KR7424760007,KOSDAQ
벽산,,007210,KR7007210008,KOSPI
보라티알,,250000,KR7250000007,KOSDAQ
보락,,002760,KR7002760007,KOSPI
보령,,003850,KR7003850005,KOSPI
보로노이,,310210,KR7310210000,KOSDAQ
보성파워텍,,006910,KR7006910004,KOSDAQ
보해양조,,000890,KR7000890004,KOSPI
본느,,226340,KR7226340008,KOSDAQ
본시스템즈,,496320,KR7496320003,KONEX
볼빅,,206950,KR7206950008,KONEX
부광약품,,003000,KR7003000007,KOSPI
부국증권,,001270,KR7001270008,KOSPI
부국증권우,,001275,KR7001271006,KOSPI
부국철강,,026940,KR7026940007,KOSPI
부방,,014470,KR7014470009,KOSDAQ
부산산업,,011390,KR7011390002,KOSPI
부산주공,,005030,KR7005030002,KOSPI
부스타,,008470,KR7008470007,KOSDAQ
뷰노,,338220,KR7338220007,KOSDAQ
뷰웍스,,100120,KR7100120005,KOSDAQ
뷰티스킨,,406820,KR7406820001,KOSDAQ
브레인즈컴퍼니,,099390,KR7099390007,KOSDAQ
브리지텍,,064480,KR7064480007,KOSDAQ
브이씨,,365900,KR7365900000,KOSDAQ
브이엠,,089970,KR7089970008,KOSDAQ
브이원텍,,251630,KR7251630000,KOSDAQ
브이티,,018290,KR7018290007,KOSDAQ
블랙야크아이앤씨,블랙야크I&C,478560,KR7478560006,KOSDAQ
블루산업개발,,006740,KR7006740005,KOSPI
블루엠텍,,439580,KR7439580002,KOSDAQ
블루콤,,033560,KR7033560004,KOSDAQ
블루탑,,191600,KR7191600006,KONEX
블리츠웨이엔터테인먼트,,369370,KR7369370002,KOSDAQ
비나텍,,126340,KR7126340009,KOSDAQ
비덴트,,121800,KR7121800007,KOSDAQ
비보존 제약,,082800,KR7082800004,KOSDAQ
비비씨,,318410,KR7318410008,KOSDAQ
비비안,,002070,KR7002070001,KOSPI
비상교육,,100220,KR7100220003,KOSPI
비스토스,,419540,KR7419540000,KOSDAQ
비씨엔씨,,146320,KR7146320007,KOSDAQ
비씨월드제약,,200780,KR7200780005,KOSDAQ
비아이매트릭스,,413640,KR7413640004,KOSDAQ
비아트론,,141000,KR7141000000,KOSDAQ
비에이치,,090460,KR7090460007,KOSPI
비에이치아이,,083650,KR7083650002,KOSDAQ
비엔케이제2호스팩,,473370,KR7473370005,KOSDAQ
비엔케이제3호스팩,,0068Y0,KR70068Y0003,KOSDAQ
비엘팜텍,,065170,KR7065170003,KOSDAQ
비엠티,,086670,KR7086670007,KOSDAQ
비유테크놀러지,,230980,KR7230980005,KOSDAQ
비츠로넥스텍,,488900,KR7488900002,KOSDAQ
비츠로셀,,082920,KR7082920000,KOSDAQ
비츠로시스,,054220,KR7054220009,KOSDAQ
비츠로테크,,042370,KR7042370007,KOSDAQ
비케이홀딩스,,050090,KR7050090000,KOSDAQ
비큐AI,,148780,KR7148780000,KOSDAQ
비투엔,,307870,KR7307870006,KOSDAQ
비트맥스,,377030,KR7377030002,KOSDAQ
비트컴퓨터,,032850,KR7032850000,KOSDAQ
비트플래닛,,049470,KR7049470008,KOSDAQ
비피도,,238200,KR7238200000,KOSDAQ
빅솔론,,093190,KR7093190007,KOSDAQ
빅텍,,065450,KR7065450009,KOSDAQ
빌리언스,,044480,KR7044480002,KOSDAQ
빙그레,,005180,KR7005180005,KOSPI
빛과전자,,069540,KR7069540003,KOSDAQ
빛샘전자,,072950,KR7072950009,KOSDAQ
삐아,,451250,KR7451250005,KOSDAQ
사람인,,143240,KR7143240000,KOSDAQ
사이냅소프트,,466410,KR7466410008,KOSDAQ
사조대림,,003960,KR7003960002,KOSPI
사조동아원,,008040,KR7008040008,KOSPI
사조산업,,007160,KR7007160005,KOSPI
사조씨푸드,,014710,KR7014710008,KOSPI
사조오양,,006090,KR7006090005,KOSPI
사토시홀딩스,,223310,KR7223310004,KOSDAQ
사피엔반도체,,452430,KR7452430002,KOSDAQ
산돌,,419120,KR7419120001,KOSDAQ
산일전기,,062040,KR7062040001,KOSPI
삼기,,122350,KR7122350002,KOSDAQ
삼기에너지솔루션즈,,419050,KR7419050000,KOSDAQ
삼륭물산,,014970,KR7014970008,KOSDAQ
삼목에스폼,,018310,KR7018310003,KOSDAQ
삼미금속,,012210,KR7012210001,KOSDAQ
삼보모터스,,053700,KR7053700001,KOSDAQ
삼보산업,,009620,KR7009620006,KOSDAQ
삼보판지,,023600,KR7023600000,KOSDAQ
삼부토건,,001470,KR7001470004,KOSPI
삼성E&A,,028050,KR7028050003,KOSPI
삼성FN리츠,,448730,KR7448730002,KOSPI
삼성SDI,,006400,KR7006400006,KOSPI
삼성SDI우,,006405,KR7006401004,KOSPI
삼성공조,,006660,KR7006660005,KOSPI
삼성물산,,028260,KR7028260008,KOSPI
삼성물산우B,,02826K,KR702826K016,KOSPI
삼성바이오로직스,,207940,KR7207940008,KOSPI
삼성생명,,032830,KR7032830002,KOSPI
삼성스팩10호,,0044K0,KR70044K0008,KOSDAQ
삼성스팩11호,,0071M0,KR70071M0002,KOSDAQ
삼성스팩12호,,0096B0,KR70096B0006,KOSDAQ
삼성스팩13호,,0115H0,KR70115H0007,KOSDAQ
삼성에스디에스,삼성SDS,018260,KR7018260000,KOSPI
삼성에피스홀딩스,,0126Z0,KR70126Z0002,KOSPI
삼성전기,,009150,KR7009150004,KOSPI
삼성전기우,,009155,KR7009151002,KOSPI
삼성전자,,005930,KR7005930003,KOSPI
삼성전자우,,005935,KR7005931001,KOSPI
삼성제약,,001360,KR7001360007,KOSPI
삼성중공업,,010140,KR7010140002,KOSPI
삼성증권,,016360,KR7016360000,KOSPI
삼성출판사,,068290,KR7068290006,KOSPI
삼성카드,,029780,KR7029780004,KOSPI
삼성화재,,000810,KR7000810002,KOSPI
삼성화재우,,000815,KR7000811000,KOSPI
삼아알미늄,,006110,KR7006110001,KOSPI
삼아제약,,009300,KR7009300005,KOSDAQ
삼양바이오팜,,0120G0,KR70120G0001,KOSPI
삼양사,,145990,KR7145990008,KOSPI
삼양사우,,145995,KR7145991006,KOSPI
삼양식품,,003230,KR7003230000,KOSPI
삼양엔씨켐,,482630,KR7482630001,KOSDAQ
삼양컴텍,,484590,KR7484590005,KOSDAQ
삼양케이씨아이,삼양KCI,036670,KR7036670008,KOSDAQ
삼양통상,,002170,KR7002170009,KOSPI
삼양패키징,,272550,KR7272550005,KOSPI
삼양홀딩스,,000070,KR7000070003,KOSPI
삼영,,003720,KR7003720000,KOSPI
삼영무역,,002810,KR7002810000,KOSPI
삼영에스앤씨,삼영S&C,361670,KR7361670003,KOSDAQ
삼영엠텍,,054540,KR7054540000,KOSDAQ
삼영이엔씨,삼영ENC,065570,KR7065570004,KOSDAQ
삼영전자,,005680,KR7005680004,KOSPI
삼원강재,,023000,KR7023000003,KOSPI
삼익THK,,004380,KR7004380002,KOSPI
삼익악기,,002450,KR7002450005,KOSPI
삼익제약,,014950,KR7014950000,KOSDAQ
삼일,,032280,KR7032280000,KOSDAQ
삼일기업공사,,002290,KR7002290005,KOSDAQ
삼일씨엔에스,,004440,KR7004440004,KOSPI
삼일제약,,000520,KR7000520007,KOSPI
삼정펄프,,009770,KR7009770009,KOSPI
삼지전자,,037460,KR7037460003,KOSDAQ
삼진,,032750,KR7032750002,KOSDAQ
삼진식품,,0013V0,KR70013V0002,KOSDAQ
삼진엘앤디,,054090,KR7054090006,KOSDAQ
삼진제약,,005500,KR7005500004,KOSPI
삼천당제약,,000250,KR7000250001,KOSDAQ
삼천리,,004690,KR7004690004,KOSPI
삼천리자전거,,024950,KR7024950008,KOSDAQ
삼표시멘트,,038500,KR7038500005,KOSDAQ
삼현,,437730,KR7437730005,KOSDAQ
삼현철강,,017480,KR7017480005,KOSDAQ
삼호개발,,010960,KR7010960003,KOSPI
삼화네트웍스,,046390,KR7046390001,KOSDAQ
삼화왕관,,004450,KR7004450003,KOSPI
삼화전기,,009470,KR7009470006,KOSPI
삼화전자,,011230,KR7011230000,KOSPI
삼화콘덴서,,001820,KR7001820000,KOSPI
삼화페인트,,000390,KR7000390005,KOSPI
상보,,027580,KR7027580000,KOSDAQ
상상인,,038540,KR7038540001,KOSDAQ
상상인제4호스팩,,452670,KR7452670003,KOSDAQ
상상인증권,,001290,KR7001290006,KOSPI
상신브레이크,,041650,KR7041650003,KOSPI
상신이디피,,091580,KR7091580001,KOSDAQ
상신전자,,263810,KR7263810004,KOSDAQ
상아프론테크,,089980,KR7089980007,KOSDAQ
상지건설,,042940,KR7042940007,KOSDAQ
새로닉스,,042600,KR7042600007,KOSDAQ
새론오토모티브,,075180,KR7075180000,KOSPI
새빗켐,,107600,KR7107600009,KOSDAQ
샌즈랩,,411080,KR7411080005,KOSDAQ
샘씨엔에스,,252990,KR7252990007,KOSDAQ
샘표,,007540,KR7007540008,KOSPI
샘표식품,,248170,KR7248170003,KOSPI
샤페론,,378800,KR7378800007,KOSDAQ
서남,,294630,KR7294630009,KOSDAQ
서린바이오,,038070,KR7038070009,KOSDAQ
서부T&D,,006730,KR7006730006,KOSDAQ
서산,,079650,KR7079650008,KOSDAQ
서암기계공업,,100660,KR7100660000,KOSDAQ
서연,,007860,KR7007860000,KOSPI
서연이화,,200880,KR7200880003,KOSPI
서연탑메탈,,019770,KR7019770007,KOSDAQ
서울가스,,017390,KR7017390006,KOSPI
서울리거,,043710,KR7043710003,KOSDAQ
서울바이오시스,,092190,KR7092190008,KOSDAQ
서울반도체,,046890,KR7046890000,KOSDAQ
서울보증보험,,031210,KR7031210008,KOSPI
서울식품,,004410,KR7004410007,KOSPI
서울식품우,,004415,KR7004411005,KOSPI
서울옥션,,063170,KR7063170005,KOSDAQ
서울전자통신,,027040,KR7027040005,KOSDAQ
서울제약,,018680,KR7018680009,KOSDAQ
서울평가정보,,036120,KR7036120004,KOSDAQ
서원,,021050,KR7021050000,KOSPI
서원인텍,,093920,KR7093920007,KOSDAQ
서전기전,,189860,KR7189860000,KOSDAQ
서진시스템,,178320,KR7178320008,KOSDAQ
서진오토모티브,,122690,KR7122690001,KOSDAQ
서플러스글로벌,,140070,KR7140070004,KOSDAQ
서한,,011370,KR7011370004,KOSDAQ
서호전기,,065710,KR7065710006,KOSDAQ
서흥,,008490,KR7008490005,KOSPI
서희건설,,035890,KR7035890003,KOSDAQ
석경에이티,,357550,KR7357550003,KOSDAQ
선광,,003100,KR7003100005,KOSDAQ
선도전기,,007610,KR7007610009,KOSPI
선바이오,,067370,KR7067370007,KOSDAQ
선샤인푸드,,217620,KR7217620004,KOSDAQ
선익시스템,,171090,KR7171090004,KOSDAQ
선진,,136490,KR7136490000,KOSPI
선진뷰티사이언스,,086710,KR7086710001,KOSDAQ
성광벤드,,014620,KR7014620009,KOSDAQ
성도이엔지,,037350,KR7037350006,KOSDAQ
성문전자,,014910,KR7014910004,KOSPI
성문전자우,,014915,KR7014911002,KOSPI
성신양회,,004980,KR7004980009,KOSPI
성신양회우,,004985,KR7004981007,KOSPI
성안머티리얼스,,011300,KR7011300001,KOSPI
성우,,458650,KR7458650009,KOSDAQ
성우전자,,081580,KR7081580003,KOSDAQ
성우테크론,,045300,KR7045300001,KOSDAQ
성우하이텍,,015750,KR7015750003,KOSDAQ
성일하이텍,,365340,KR7365340009,KOSDAQ
성창기업지주,,000180,KR7000180000,KOSPI
성창오토텍,,080470,KR7080470008,KOSDAQ
성호전자,,043260,KR7043260009,KOSDAQ
세경하이테크,,148150,KR7148150006,KOSDAQ
세기상사,,002420,KR7002420008,KOSPI
세나테크놀로지,,061090,KR7061090007,KOSDAQ
세니젠,,188260,KR7188260004,KOSDAQ
세동,,053060,KR7053060000,KOSDAQ
세림B&G,,340440,KR7340440007,KOSDAQ
세명전기,,017510,KR7017510009,KOSDAQ
세미파이브,,490470,KR7490470002,KOSDAQ
세방,,004360,KR7004360004,KOSPI
세방우,,004365,KR7004361002,KOSPI
세방전지,,004490,KR7004490009,KOSPI
세보엠이씨,,011560,KR7011560000,KOSDAQ
세븐브로이맥주,,267080,KR7267080000,KONEX
세아메카닉스,,396300,KR7396300006,KOSDAQ
세아베스틸지주,,001430,KR7001430008,KOSPI
세아제강,,306200,KR7306200007,KOSPI
세아제강지주,,003030,KR7003030004,KOSPI
세아특수강,,019440,KR7019440007,KOSPI
세아홀딩스,,058650,KR7058650003,KOSPI
세우글로벌,,013000,KR7013000005,KOSPI
세운메디칼,,100700,KR7100700004,KOSDAQ
세원물산,,024830,KR7024830002,KOSDAQ
세원정공,,021820,KR7021820006,KOSPI
세이브존I&C,,067830,KR7067830000,KOSPI
세종메디칼,,258830,KR7258830009,KOSDAQ
세종텔레콤,,036630,KR7036630002,KOSDAQ
세중,,039310,KR7039310008,KOSDAQ
세진중공업,,075580,KR7075580001,KOSPI
세진티에스,,067770,KR7067770008,KOSDAQ
세코닉스,,053450,KR7053450003,KOSDAQ
세토피아,,222810,KR7222810004,KOSDAQ
세화피앤씨,,252500,KR7252500004,KOSDAQ
센서뷰,,321370,KR7321370009,KOSDAQ
센코,,347000,KR7347000002,KOSDAQ
셀레믹스,,331920,KR7331920009,KOSDAQ
셀레스트라,,352770,KR7352770002,KOSDAQ
셀로맥스사이언스,,471820,KR7471820001,KOSDAQ
셀루메드,,049180,KR7049180003,KOSDAQ
셀리드,,299660,KR7299660001,KOSDAQ
셀바스AI,,108860,KR7108860008,KOSDAQ
셀바스헬스케어,,208370,KR7208370007,KOSDAQ
셀바이오휴먼텍,,318160,KR7318160009,KOSDAQ
셀비온,,308430,KR7308430008,KOSDAQ
셀트리온,,068270,KR7068270008,KOSPI
셀트리온제약,,068760,KR7068760008,KOSDAQ
셀피글로벌,,068940,KR7068940006,KOSDAQ
소노스퀘어,,007720,KR7007720006,KOSDAQ
소룩스,,290690,KR7290690007,KOSDAQ
소마젠,,950200,KR8840150005,KOSDAQ
소프트센,,032680,KR7032680001,KOSDAQ
소프트센우,,032685,KR7032681009,KOSDAQ
소프트캠프,,258790,KR7258790005,KOSDAQ
손오공,,066910,KR7066910001,KOSDAQ
솔디펜스,,215090,KR7215090002,KOSDAQ
솔루스첨단소재,,336370,KR7336370002,KOSPI
솔루스첨단소재1우,,33637K,KR733637K010,KOSPI
솔루스첨단소재2우B,,33637L,KR733637K028,KOSPI
솔루엠,,248070,KR7248070005,KOSPI
솔본,,035610,KR7035610005,KOSDAQ
솔브레인,,357780,KR7357780006,KOSDAQ
솔브레인홀딩스,,036830,KR7036830008,KOSDAQ
솔트룩스,,304100,KR7304100001,KOSDAQ
솔트웨어,,328380,KR7328380001,KOSDAQ
송원산업,,004430,KR7004430005,KOSPI
쇼박스,,086980,KR7086980000,KOSDAQ
수산세보틱스,,017550,KR7017550005,KOSPI
수산아이앤티,,050960,KR7050960004,KOSDAQ
수산인더스트리,,126720,KR7126720002,KOSPI
수성웹툰,,084180,KR7084180009,KOSDAQ
수젠텍,,253840,KR7253840003,KOSDAQ
수프로,,185190,KR7185190006,KONEX
슈어소프트테크,,298830,KR7298830001,KOSDAQ
슈프리마,,236200,KR7236200002,KOSDAQ
슈프리마에이치큐,,094840,KR7094840006,KOSDAQ
슈피겐코리아,,192440,KR7192440006,KOSDAQ
스마트레이더시스템,,424960,KR7424960003,KOSDAQ
스맥,,099440,KR7099440000,KOSDAQ
스카이라이프,,053210,KR7053210001,KOSPI
스코넥,,276040,KR7276040003,KOSDAQ
스타에스엠리츠,,204210,KR7204210009,KOSPI
스타코링크,,060240,KR7060240009,KOSDAQ
스타플렉스,,115570,KR7115570004,KOSDAQ
스테이지원엔터,NSENM,078860,KR7078860004,KOSDAQ
스톤브릿지벤처스,,330730,KR7330730003,KOSDAQ
스톰테크,,352090,KR7352090005,KOSDAQ
스튜디오드래곤,,253450,KR7253450001,KOSDAQ
스튜디오미르,,408900,KR7408900009,KOSDAQ
스튜디오산타클로스,,204630,KR7204630008,KOSDAQ
스튜디오삼익,,415380,KR7415380005,KOSDAQ
스틱인베스트먼트,,026890,KR7026890004,KOSPI
스페코,,013810,KR7013810007,KOSDAQ
스피어,,347700,KR7347700007,KOSDAQ
승일,,049830,KR7049830003,KOSDAQ
시공테크,,020710,KR7020710000,KOSDAQ
시그네틱스,,033170,KR7033170002,KOSDAQ
시너지이노베이션,,048870,KR7048870000,KOSDAQ
시노펙스,,025320,KR7025320003,KOSDAQ
시디즈,,134790,KR7134790005,KOSPI
시선AI,,340810,KR7340810001,KOSDAQ
시스웍,,269620,KR7269620001,KOSDAQ
시지메드텍,,056090,KR7056090004,KOSDAQ
시지트로닉스,,429270,KR7429270002,KOSDAQ
시큐레터,,418250,KR7418250007,KOSDAQ
시큐브,,131090,KR7131090003,KOSDAQ
시프트업,,462870,KR7462870007,KOSPI
신대양제지,,016590,KR7016590002,KOSPI
신도기연,,290520,KR7290520006,KOSDAQ
신도리코,,029530,KR7029530003,KOSPI
신라교역,,004970,KR7004970000,KOSPI
신라섬유,,001000,KR7001000009,KOSDAQ
신라에스지,,025870,KR7025870007,KOSDAQ
신라젠,,215600,KR7215600008,KOSDAQ
신성델타테크,,065350,KR7065350001,KOSDAQ
신성에스티,,416180,KR7416180008,KOSDAQ
신성이엔지,,011930,KR7011930005,KOSPI
신세계,,004170,KR7004170007,KOSPI
신세계 I&C,,035510,KR7035510007,KOSPI
신세계인터내셔날,,031430,KR7031430002,KOSPI
신세계푸드,,031440,KR7031440001,KOSPI
신송홀딩스,,006880,KR7006880009,KOSPI
신스틸,,162300,KR7162300008,KOSDAQ
신시웨이,,290560,KR7290560002,KOSDAQ
신신제약,,002800,KR7002800001,KOSDAQ
신영스팩10호,,472220,KR7472220003,KOSDAQ
신영스팩11호,,0091W0,KR70091W0006,KOSDAQ
신영와코루,,005800,KR7005800008,KOSPI
신영증권,,001720,KR7001720002,KOSPI
신원,,009270,KR7009270000,KOSPI
신원종합개발,,017000,KR7017000001,KOSDAQ
신일전자,,002700,KR7002700003,KOSPI
신일제약,,012790,KR7012790002,KOSDAQ
신진에스엠,,138070,KR7138070008,KOSDAQ
신테카바이오,,226330,KR7226330009,KOSDAQ
신풍,,002870,KR7002870004,KOSPI
신풍제약,,019170,KR7019170000,KOSPI
신풍제약우,,019175,KR7019171008,KOSPI
신한글로벌액티브리츠,,481850,KR7481850006,KOSPI
신한서부티엔디리츠,,404990,KR7404990004,KOSPI
신한알파리츠,,293940,KR7293940003,KOSPI
신한제11호스팩,,452980,KR7452980006,KOSDAQ
신한제12호스팩,,474660,KR7474660008,KOSDAQ
신한제13호스팩,,474930,KR7474930005,KOSDAQ
신한제14호스팩,,487360,KR7487360000,KOSDAQ
신한제15호스팩,,487830,KR7487830002,KOSDAQ
신한제16호스팩,,496070,KR7496070004,KOSDAQ
신한지주,,055550,KR7055550008,KOSPI
신화인터텍,,056700,KR7056700008,KOSDAQ
신화콘텍,,187270,KR7187270004,KOSDAQ
신흥,,004080,KR7004080008,KOSPI
신흥에스이씨,,243840,KR7243840006,KOSDAQ
실리콘투,,257720,KR7257720003,KOSDAQ
심텍,,222800,KR7222800005,KOSDAQ
심텍홀딩스,,036710,KR7036710002,KOSDAQ
심플랫폼,,444530,KR7444530000,KOSDAQ
싸이닉솔루션,,234030,KR7234030005,KOSDAQ
싸이맥스,,160980,KR7160980009,KOSDAQ
싸이버원,,356890,KR7356890004,KOSDAQ
싸이토젠,,217330,KR7217330000,KOSDAQ
써니전자,,004770,KR7004770004,KOSPI
썬테크,,217320,KR7217320001,KONEX
썸에이지,,208640,KR7208640003,KOSDAQ
쎄노텍,,222420,KR7222420002,KOSDAQ
쎄니트,,037760,KR7037760006,KOSDAQ
쎄크,,081180,KR7081180002,KOSDAQ
쎄트렉아이,,099320,KR7099320004,KOSDAQ
쎌바이오텍,,049960,KR7049960008,KOSDAQ
쏘닉스,,088280,KR7088280003,KOSDAQ
쏘카,,403550,KR7403550007,KOSPI
쏠리드,,050890,KR7050890003,KOSDAQ
쓰리빌리언,,394800,KR7394800007,KOSDAQ
쓰리에이로직스,,177900,KR7177900008,KOSDAQ
씨메스,,475400,KR7475400008,KOSDAQ
씨싸이트,,109670,KR7109670000,KOSDAQ
씨씨에스,,066790,KR7066790007,KOSDAQ
씨아이에스,,222080,KR7222080004,KOSDAQ
씨아이테크,,004920,KR7004920005,KOSPI
씨알푸드,,236030,KR7236030003,KONEX
씨앗,,103660,KR7103660007,KONEX
씨앤씨인터내셔널,씨앤씨인터,352480,KR7352480008,KOSDAQ
씨앤에스링크,,245450,KR7245450002,KONEX
씨앤지하이테크,,264660,KR7264660002,KOSDAQ
씨앤투스,,352700,KR7352700009,KOSDAQ
씨어스테크놀로지,,458870,KR7458870003,KOSDAQ
씨에스베어링,CS베어링,297090,KR7297090003,KOSDAQ
씨에스윈드,CS윈드/CS 윈드,112610,KR7112610001,KOSPI
씨엔알리서치,,359090,KR7359090008,KOSDAQ
씨엔플러스,,115530,KR7115530008,KOSDAQ
씨엠티엑스,,388210,KR7388210007,KOSDAQ
씨유메디칼,,115480,KR7115480006,KOSDAQ
씨유테크,,376290,KR7376290003,KOSDAQ
씨이랩,,189330,KR7189330004,KOSDAQ
씨젠,,096530,KR7096530001,KOSDAQ
씨케이솔루션,CK솔루션,480370,KR7480370006,KOSPI
씨큐브,,101240,KR7101240000,KOSDAQ
씨티씨바이오,CTC바이오,060590,KR7060590007,KOSDAQ
씨티알모빌리티,CTR모빌리티/CTR 모빌리티,308170,KR7308170000,KOSPI
씨티케이,,260930,KR7260930003,KOSDAQ
씨피시스템,CP시스템,413630,KR7413630005,KOSDAQ
아가방컴퍼니,,013990,KR7013990007,KOSDAQ
아나패스,,123860,KR7123860009,KOSDAQ
아난티,,025980,KR7025980004,KOSDAQ
아남전자,,008700,KR7008700007,KOSPI
아로마티카,,0015N0,KR70015N0000,KOSDAQ
아모그린텍,,125210,KR7125210005,KOSDAQ
아모레퍼시픽,아모레,090430,KR7090430000,KOSPI
아모레퍼시픽우,,090435,KR7090431008,KOSPI
아모레퍼시픽홀딩스,,002790,KR7002790004,KOSPI
아모레퍼시픽홀딩스3우C,,00279K,KR700279K010,KOSPI
아모레퍼시픽홀딩스우,,002795,KR7002791002,KOSPI
아모센스,,357580,KR7357580000,KOSDAQ
아모텍,,052710,KR7052710001,KOSDAQ
아미노로직스,,074430,KR7074430000,KOSDAQ
아미코젠,,092040,KR7092040005,KOSDAQ
아바코,,083930,KR7083930008,KOSDAQ
아바텍,,149950,KR7149950008,KOSDAQ
아비코전자,,036010,KR7036010007,KOSDAQ
아세아,,002030,KR7002030005,KOSPI
아세아시멘트,,183190,KR7183190008,KOSPI
아세아제지,,002310,KR7002310001,KOSPI
아세아텍,,050860,KR7050860006,KOSDAQ
아센디오,,012170,KR7012170007,KOSPI
아셈스,,136410,KR7136410008,KOSDAQ
아스타,,246720,KR7246720007,KOSDAQ
아스테라시스,,450950,KR7450950001,KOSDAQ
아스트,,067390,KR7067390005,KOSDAQ
아스플로,,159010,KR7159010008,KOSDAQ
아시아경제,,127710,KR7127710002,KOSDAQ
아시아나IDT,,267850,KR7267850006,KOSPI
아시아나항공,,020560,KR7020560009,KOSPI
아시아종묘,,154030,KR7154030001,KOSDAQ
아우딘퓨쳐스,,227610,KR7227610003,KOSDAQ
아우토크립트,,331740,KR7331740001,KOSDAQ
아이디스,,143160,KR7143160000,KOSDAQ
아이디스홀딩스,IDS홀딩스,054800,KR7054800008,KOSDAQ
아이디피,,332370,KR7332370006,KOSDAQ
아이로보틱스,,066430,KR7066430000,KOSDAQ
아이마켓코리아,,122900,KR7122900004,KOSPI
아이비김영,,339950,KR7339950008,KOSDAQ
아이비젼웍스,,469750,KR7469750004,KOSDAQ
아이빔테크놀로지,,460470,KR7460470008,KOSDAQ
아이센스,,099190,KR7099190001,KOSDAQ
아이스크림미디어,,461300,KR7461300006,KOSDAQ
아이스크림에듀,,289010,KR7289010001,KOSDAQ
아이쓰리시스템,,214430,KR7214430001,KOSDAQ
아이씨디,,040910,KR7040910002,KOSDAQ
아이씨에이치,,368600,KR7368600003,KOSDAQ
아이씨티케이,,456010,KR7456010008,KOSDAQ
아이앤씨,,052860,KR7052860004,KOSDAQ
아이언디바이스,,464500,KR7464500008,KOSDAQ
아이에스동서,,010780,KR7010780005,KOSPI
아이에스티이,,212710,KR7212710008,KOSDAQ
아이에이,,038880,KR7038880001,KOSDAQ
아이엘,,307180,KR7307180000,KOSDAQ
아이엘로보틱스,,403810,KR7403810005,KONEX
아이엠,,101390,KR7101390003,KOSDAQ
아이엠비디엑스,,461030,KR7461030009,KOSDAQ
아이엠에셋 200,,0007N0,KR70007N0000,KOSPI
아이엠지티,,456570,KR7456570001,KONEX
아이엠티,,451220,KR7451220008,KOSDAQ
아이오바이오,,447690,KR7447690009,KONEX
아이윈,,090150,KR7090150004,KOSDAQ
아이윈플러스,,123010,KR7123010001,KOSDAQ
아이즈비전,,031310,KR7031310006,KOSDAQ
아이지넷,,462980,KR7462980004,KOSDAQ
아이진,,185490,KR7185490000,KOSDAQ
아이컴포넌트,,059100,KR7059100008,KOSDAQ
아이케이세미콘,,149010,KR7149010001,KONEX
아이퀘스트,,262840,KR7262840002,KOSDAQ
아이큐어,,175250,KR7175250000,KOSDAQ
아이크래프트,,052460,KR7052460003,KOSDAQ
아이텍,,119830,KR7119830008,KOSDAQ
아이톡시,,052770,KR7052770005,KOSDAQ
아이티센글로벌,,124500,KR7124500000,KOSDAQ
아이티센씨티에스,,031820,KR7031820004,KOSPI
아이티센엔텍,,010280,KR7010280006,KOSDAQ
아이티센코어,,243870,KR7243870003,KONEX
아이티센피엔에스,,232830,KR7232830000,KOSDAQ
아이티아이즈,,372800,KR7372800003,KOSDAQ
아이티엠반도체,,084850,KR7084850007,KOSDAQ
아이티켐,,309710,KR7309710002,KOSDAQ
아이패밀리에스씨,,114840,KR7114840002,KOSDAQ
아주IB투자,,027360,KR7027360007,KOSDAQ
아주스틸,,139990,KR7139990006,KOSPI
아즈텍WB,,032080,KR7032080004,KOSDAQ
아진산업,,013310,KR7013310008,KOSDAQ
아진엑스텍,,059120,KR7059120006,KOSDAQ
아진전자부품,,009320,KR7009320003,KOSPI
아크릴,,0007C0,KR70007C0003,KOSDAQ
아크솔루션스,,203690,KR7203690003,KOSDAQ
아톤,,158430,KR7158430009,KOSDAQ
아티스트스튜디오,,200350,KR7200350007,KOSDAQ
아티스트컴퍼니,,321820,KR7321820003,KOSDAQ
아퓨어스,,149300,KR7149300006,KONEX
아하,,102950,KR7102950003,KONEX
안국약품,,001540,KR7001540004,KOSDAQ
안랩,,053800,KR7053800009,KOSDAQ
안지오랩,,251280,KR7251280004,KONEX
안트로젠,,065660,KR7065660003,KOSDAQ
알로이스,,297570,KR7297570004,KOSDAQ
알루코,,001780,KR7001780006,KOSPI
알리코제약,,260660,KR7260660006,KOSDAQ
알멕,,354320,KR7354320004,KOSDAQ
알비더블유,RBW,361570,KR7361570005,KOSDAQ
알서포트,,131370,KR7131370009,KOSDAQ
알에스오토메이션,RW오토메이션,140670,KR7140670001,KOSDAQ
알에프세미,RF세미,096610,KR7096610001,KOSDAQ
알에프텍,,061040,KR7061040002,KOSDAQ
알엔투테크놀로지,,148250,KR7148250004,KOSDAQ
알지노믹스,,476830,KR7476830005,KOSDAQ
알체라,,347860,KR7347860009,KOSDAQ
알테오젠,,196170,KR7196170005,KOSDAQ
알톤,,123750,KR7123750002,KOSDAQ
알트,,459550,KR7459550000,KOSDAQ
알티캐스트,,085810,KR7085810000,KOSDAQ
알파AI,,043100,KR7043100007,KOSDAQ
알파칩스,,117670,KR7117670000,KOSDAQ
알피바이오,,314140,KR7314140005,KOSDAQ
압타머사이언스,,291650,KR7291650000,KOSDAQ
압타바이오,,293780,KR7293780003,KOSDAQ
애경산업,,018250,KR7018250001,KOSPI
애경케미칼,,161000,KR7161000005,KOSPI
애니메디솔루션,,390110,KR7390110005,KONEX
애니플러스,,310200,KR7310200001,KOSDAQ
애드바이오텍,,179530,KR7179530001,KOSDAQ
애드포러스,,397810,KR7397810003,KOSDAQ
액토즈소프트,,052790,KR7052790003,KOSDAQ
액트로,,290740,KR7290740000,KOSDAQ
앤디포스,,238090,KR7238090005,KOSDAQ
앤로보틱스,,138360,KR7138360003,KOSDAQ
앤씨앤,,092600,KR7092600006,KOSDAQ
앱코,,129890,KR7129890000,KOSDAQ
앱클론,,174900,KR7174900001,KOSDAQ
앱토크롬,,109960,KR7109960005,KOSDAQ
앱튼,,270520,KR7270520000,KOSDAQ
야스,,255440,KR7255440000,KOSDAQ
양지사,,030960,KR7030960009,KOSDAQ
어보브반도체,,102120,KR7102120003,KOSDAQ
얼라인드,,238120,KR7238120000,KOSDAQ
엄지하우스,,224810,KR7224810002,KONEX
에너토크,,019990,KR7019990001,KOSDAQ
에넥스,,011090,KR7011090008,KOSPI
에르코스,,435570,KR7435570007,KOSDAQ
에브리봇,,270660,KR7270660004,KOSDAQ
에셋플러스 글로벌다이나믹시니어액티브,,462340,KR7462340001,KOSPI
에셋플러스 글로벌대장장이액티브,,433220,KR7433220001,KOSPI
에셋플러스 글로벌영에이지액티브,,451150,KR7451150007,KOSPI
에셋플러스 글로벌일등기업포커스10액티브,,477490,KR7477490007,KOSPI
에셋플러스 글로벌플랫폼액티브,,407830,KR7407830009,KOSPI
에셋플러스 인도일등기업포커스20액티브,,0002C0,KR70002C0008,KOSPI
에셋플러스 차이나일등기업포커스10액티브,,474920,KR7474920006,KOSPI
에셋플러스 코리아대장장이액티브,,442090,KR7442090007,KOSPI
에셋플러스 코리아플랫폼액티브,,407820,KR7407820000,KOSPI
에스넷,,038680,KR7038680005,KOSDAQ
에스디바이오센서,,137310,KR7137310009,KOSPI
에스디생명공학,,217480,KR7217480003,KOSDAQ
에스디시스템,,121890,KR7121890008,KOSDAQ
에스바이오메딕스,,304360,KR7304360001,KOSDAQ
에스비비테크,,389500,KR7389500000,KOSDAQ
에스씨디,,042110,KR7042110007,KOSDAQ
에스씨엠생명과학,SCM생명과학,298060,KR7298060005,KOSDAQ
에스아이리소스,,065420,KR7065420002,KOSDAQ
에스알바이오텍,,270210,KR7270210008,KONEX
에스앤더블류,,103230,KR7103230009,KOSDAQ
에스앤디,,260970,KR7260970009,KOSDAQ
에스앤에스텍,S&S TECH,101490,KR7101490001,KOSDAQ
에스에너지,,095910,KR7095910006,KOSDAQ
에스에스알,,275630,KR7275630002,KOSDAQ
에스에이엠티,,031330,KR7031330004,KOSDAQ
에스에이티,,060540,KR7060540002,KOSDAQ
에스에프에이,,056190,KR7056190002,KOSDAQ
에스엔시스,,0008Z0,KR70008Z0005,KOSDAQ
에스엘,,005850,KR7005850003,KOSPI
에스엘에스바이오,SLS바이오,246250,KR7246250005,KOSDAQ
에스엠,,041510,KR7041510009,KOSDAQ
에스엠벡셀,,010580,KR7010580009,KOSPI
에스엠씨지,SMCG,460870,KR7460870009,KOSDAQ
에스엠코어,,007820,KR7007820004,KOSDAQ
에스오에스랩,,464080,KR7464080001,KOSDAQ
에스와이,,109610,KR7109610006,KOSDAQ
에스와이스틸텍,SY스틸텍,365330,KR7365330000,KOSDAQ
에스원,,012750,KR7012750006,KOSPI
에스제이그룹,SJ그룹,306040,KR7306040007,KOSDAQ
에스제이켐,,217910,KR7217910009,KONEX
에스지헬스케어,SG헬스케어,398120,KR7398120006,KOSDAQ
에스케이증권제10호스팩,,457940,KR7457940005,KOSDAQ
에스케이증권제11호스팩,,472230,KR7472230002,KOSDAQ
에스케이증권제12호스팩,,473000,KR7473000008,KOSDAQ
에스케이증권제13호스팩,,473950,KR7473950004,KOSDAQ
에스케이증권제9호스팩,,455910,KR7455910000,KOSDAQ
에스켐,,475660,KR7475660007,KOSDAQ
에스코넥,,096630,KR7096630009,KOSDAQ
에스텍,,069510,KR7069510006,KOSDAQ
에스투더블유,S2W,488280,KR7488280009,KOSDAQ
에스트래픽,,234300,KR7234300002,KOSDAQ
에스티아이,,039440,KR7039440003,KOSDAQ
에스티오,,098660,KR7098660004,KOSDAQ
에스티큐브,,052020,KR7052020005,KOSDAQ
에스티팜,,237690,KR7237690003,KOSDAQ
에스폴리텍,,050760,KR7050760008,KOSDAQ
에스퓨얼셀,,288620,KR7288620008,KOSDAQ
에스피소프트,,443670,KR7443670005,KOSDAQ
에스피시스템스,,317830,KR7317830008,KOSDAQ
에스피지,,058610,KR7058610007,KOSDAQ
에쎈테크,,043340,KR7043340009,KOSDAQ
에쓰씨엔지니어링,SC엔지니어링/SC 엔지니어링,023960,KR7023960008,KOSPI
에어레인,,163280,KR7163280001,KOSDAQ
에어부산,,298690,KR7298690009,KOSPI
에이디테크놀로지,,200710,KR7200710002,KOSDAQ
에이럭스,,475580,KR7475580007,KOSDAQ
에이루트,,096690,KR7096690003,KOSDAQ
에이리츠,,140910,KR7140910001,KOSPI
에이블씨엔씨,ABLE C&C/에이블C&C,078520,KR7078520004,KOSPI
에이비엘바이오,ABL바이오,298380,KR7298380007,KOSDAQ
에이비온,,203400,KR7203400007,KOSDAQ
에이비프로바이오,,195990,KR7195990007,KOSDAQ
에이스침대,ACE침대,003800,KR7003800000,KOSDAQ
에이스테크,ACE테크,088800,KR7088800008,KOSDAQ
에이스토리,,241840,KR7241840008,KOSDAQ
에이아이코리아,,364950,KR7364950006,KOSDAQ
에이에스텍,,453860,KR7453860009,KOSDAQ
에이에프더블류,,312610,KR7312610009,KOSDAQ
에이엔피,,015260,KR7015260003,KOSPI
에이엘티,,172670,KR7172670002,KOSDAQ
에이원알폼,,234070,KR7234070001,KONEX
에이유브랜즈,AU브랜즈,481070,KR7481070001,KOSDAQ
에이전트AI,,060900,KR7060900008,KOSDAQ
에이직랜드,,445090,KR7445090004,KOSDAQ
에이치브이엠,,295310,KR7295310007,KOSDAQ
에이치시티,,072990,KR7072990005,KOSDAQ
에이치엔에스하이텍,H&S하이텍,044990,KR7044990000,KOSDAQ
에이치엘사이언스,HL사이언스,239610,KR7239610009,KOSDAQ
에이치엠넥스,,036170,KR7036170009,KOSDAQ
에이치엠씨제6호스팩,,462020,KR7462020009,KOSDAQ
에이치엠씨제7호스팩,,477340,KR7477340004,KOSDAQ
에이치와이티씨,,148930,KR7148930001,KOSDAQ
에이치케이,,044780,KR7044780005,KOSDAQ
에이치피오,,357230,KR7357230002,KOSDAQ
에이텀,,355690,KR7355690009,KOSDAQ
에이테크솔루션,,071670,KR7071670004,KOSDAQ
에이텍,,045660,KR7045660008,KOSDAQ
에이텍모빌리티,,224110,KR7224110007,KOSDAQ
에이티넘인베스트,,021080,KR7021080007,KOSDAQ
에이팩트,,200470,KR7200470003,KOSDAQ
에이펙스인텍,,207490,KR7207490004,KONEX
에이프로,,262260,KR7262260003,KOSDAQ
에이프로젠,,007460,KR7007460009,KOSPI
에이프로젠바이오로직스,,003060,KR7003060001,KOSPI
에이프릴바이오,,397030,KR7397030008,KOSDAQ
에이플러스에셋,A+에셋,244920,KR7244920005,KOSPI
에이피알,,278470,KR7278470000,KOSPI
에임드바이오,,0009K0,KR70009K0001,KOSDAQ
에치에프알,,230240,KR7230240004,KOSDAQ
에코글로우,,159910,KR7159910009,KOSDAQ
에코마케팅,,230360,KR7230360000,KOSDAQ
에코바이오,,038870,KR7038870002,KOSDAQ
에코볼트,,097780,KR7097780001,KOSDAQ
에코아이,,448280,KR7448280008,KOSDAQ
에코앤드림,,101360,KR7101360006,KOSDAQ
에코캡,,128540,KR7128540002,KOSDAQ
에코프로,,086520,KR7086520004,KOSDAQ
에코프로머티,,450080,KR7450080007,KOSPI
에코프로비엠,,247540,KR7247540008,KOSDAQ
에코프로에이치엔,,383310,KR7383310000,KOSDAQ
에코플라스틱,,038110,KR7038110003,KOSDAQ
에프알텍,,073540,KR7073540007,KOSDAQ
에프앤가이드,FN가이드,064850,KR7064850001,KOSDAQ
에프에스티,,036810,KR7036810000,KOSDAQ
에프엔씨엔터,FNC엔터,173940,KR7173940008,KOSDAQ
에프엔에스테크,FNS테크/FNS 테크,083500,KR7083500009,KOSDAQ
에피바이오텍,,446440,KR7446440000,KONEX
엑사이엔씨,,054940,KR7054940002,KOSDAQ
엑세스바이오,,950130,KR8840090003,KOSDAQ
엑셀세라퓨틱스,,373110,KR7373110006,KOSDAQ
엑셈,,205100,KR7205100001,KOSDAQ
엑스게이트,,356680,KR7356680009,KOSDAQ
엑스큐어,,070300,KR7070300009,KOSDAQ
엑스페릭스,,317770,KR7317770006,KOSDAQ
엑스플러스,,373200,KR7373200005,KOSDAQ
엑시온그룹,,069920,KR7069920007,KOSDAQ
엑시콘,,092870,KR7092870005,KOSDAQ
엑시큐어하이트론,,019490,KR7019490002,KOSPI
엔더블유시,,059180,KR7059180000,KONEX
엔바이오니아,,317870,KR7317870004,KOSDAQ
엔브이에이치코리아,,067570,KR7067570002,KOSDAQ
엔비알모션,,0004V0,KR70004V0003,KOSDAQ
엔비티,,236810,KR7236810008,KOSDAQ
엔솔바이오사이언스,,140610,KR7140610007,KONEX
엔시스,,333620,KR7333620003,KOSDAQ
엔시트론,,101400,KR7101400000,KOSDAQ
엔씨소프트,NC소프트,036570,KR7036570000,KOSPI
엔알비,,475230,KR7475230009,KOSDAQ
엔에스엠,,238170,KR7238170005,KONEX
엔에스컴퍼니,,224760,KR7224760009,KONEX
엔에이치스팩29호,,451700,KR7451700009,KOSDAQ
엔에이치스팩30호,,466910,KR7466910007,KOSDAQ
엔에이치스팩31호,,481890,KR7481890002,KOSDAQ
엔에이치스팩32호,,0054V0,KR70054V0002,KOSDAQ
엔에프씨,,265740,KR7265740001,KOSDAQ
엔젠바이오,,354200,KR7354200008,KOSDAQ
엔젤로보틱스,,455900,KR7455900001,KOSDAQ
엔젯,,419080,KR7419080007,KOSDAQ
엔지브이아이,,093510,KR7093510006,KONEX
엔지켐생명과학,,183490,KR7183490002,KOSDAQ
엔케이,,085310,KR7085310001,KOSPI
엔케이맥스,NK MAX/NKMAX,182400,KR7182400002,KOSDAQ
엔켐,,348370,KR7348370008,KOSDAQ
엔텔스,,069410,KR7069410009,KOSDAQ
엔투텍,,227950,KR7227950003,KOSDAQ
엔피,,291230,KR7291230001,KOSDAQ
엔피케이,,048830,KR7048830004,KOSDAQ
엘디티,,096870,KR7096870001,KOSDAQ
엘리비젼,,276240,KR7276240009,KONEX
엘앤씨바이오,,290650,KR7290650001,KOSDAQ
엘앤에프,,066970,KR7066970005,KOSPI
엘앤케이바이오,L&K바이오/L&K 바이오,156100,KR7156100000,KOSDAQ
엘에스스팩1호,,0041J0,KR70041J0004,KOSDAQ
엘에이티,,311060,KR7311060008,KONEX
엘엠에스,,073110,KR7073110009,KOSDAQ
엘오티베큠,,083310,KR7083310003,KOSDAQ
엘컴텍,,037950,KR7037950003,KOSDAQ
엘케이켐,,489500,KR7489500009,KOSDAQ
엘티씨,,170920,KR7170920003,KOSDAQ
엠게임,,058630,KR7058630005,KOSDAQ
엠디바이스,,226590,KR7226590008,KOSDAQ
엠로,,058970,KR7058970005,KOSDAQ
엠브레인,,169330,KR7169330008,KOSDAQ
엠씨넥스,,097520,KR7097520001,KOSPI
엠아이큐브솔루션,,373170,KR7373170000,KOSDAQ
엠아이텍,,179290,KR7179290002,KOSDAQ
엠앤씨솔루션,MNC솔루션,484870,KR7484870001,KOSPI
엠에스씨,,009780,KR7009780008,KOSDAQ
엠에스오토텍,MS오토텍,123040,KR7123040008,KOSDAQ
엠에프씨,,432980,KR7432980001,KOSDAQ
엠오티,,413390,KR7413390006,KOSDAQ
엠젠솔루션,,032790,KR7032790008,KOSDAQ
엠케이전자,,033160,KR7033160003,KOSDAQ
엠투아이,,347890,KR7347890006,KOSDAQ
엠투엔,,033310,KR7033310004,KOSDAQ
엠플러스,,259630,KR7259630002,KOSDAQ
엣지파운드리,,105550,KR7105550008,KOSDAQ
영림원소프트랩,,060850,KR7060850005,KOSDAQ
영보화학,,014440,KR7014440002,KOSPI
영우디에스피,,143540,KR7143540003,KOSDAQ
영원무역,,111770,KR7111770004,KOSPI
영원무역홀딩스,,009970,KR7009970005,KOSPI
영진약품,,003520,KR7003520004,KOSPI
영풍,,000670,KR7000670000,KOSPI
영화금속,,012280,KR7012280004,KOSPI
영화테크,,265560,KR7265560003,KOSDAQ
영흥,,012160,KR7012160008,KOSPI
예림당,,036000,KR7036000008,KOSDAQ
예선테크,,250930,KR7250930005,KOSDAQ
예스24,,053280,KR7053280004,KOSDAQ
예스티,,122640,KR7122640006,KOSDAQ
오가노이드사이언스,,476040,KR7476040001,KOSDAQ
오건에코텍,,212310,KR7212310007,KONEX
오공,,045060,KR7045060001,KOSDAQ
오늘이엔엠,,192410,KR7192410009,KOSDAQ
오디텍,,080520,KR7080520000,KOSDAQ
오뚜기,,007310,KR7007310006,KOSPI
오로라,,039830,KR7039830005,KOSDAQ
오로스테크놀로지,,322310,KR7322310004,KOSDAQ
오르비텍,,046120,KR7046120002,KOSDAQ
오름테라퓨틱,,475830,KR7475830006,KOSDAQ
오리엔탈정공,,014940,KR7014940001,KOSDAQ
오리엔트바이오,,002630,KR7002630002,KOSPI
오리엔트정공,,065500,KR7065500001,KOSDAQ
오리온,,271560,KR7271560005,KOSPI
오리온홀딩스,,001800,KR7001800002,KOSPI
오리콤,,010470,KR7010470003,KOSDAQ
오브젠,,417860,KR7417860004,KOSDAQ
오비고,,352910,KR7352910004,KOSDAQ
오상자이엘,,053980,KR7053980009,KOSDAQ
오상헬스케어,,036220,KR7036220002,KOSDAQ
오성첨단소재,,052420,KR7052420007,KOSDAQ
오션스바이오,,332190,KR7332190008,KONEX
오션인더블유,,052300,KR7052300001,KOSDAQ
오스코텍,,039200,KR7039200001,KOSDAQ
오스테오닉,,226400,KR7226400000,KOSDAQ
오스템,,031510,KR7031510001,KOSDAQ
오아,,342870,KR7342870003,KOSDAQ
오에스피,,368970,KR7368970000,KOSDAQ
오이솔루션,,138080,KR7138080007,KOSDAQ
오킨스전자,,080580,KR7080580004,KOSDAQ
오텍,,067170,KR7067170001,KOSDAQ
오토앤,,353590,KR7353590003,KOSDAQ
오파스넷,,173130,KR7173130006,KOSDAQ
오픈놀,,440320,KR7440320000,KOSDAQ
오픈베이스,,049480,KR7049480007,KOSDAQ
오픈엣지테크놀로지,,394280,KR7394280002,KOSDAQ
온코닉테라퓨틱스,,476060,KR7476060009,KOSDAQ
온코크로스,,382150,KR7382150001,KOSDAQ
온타이드,,005320,KR7005320007,KOSPI
올리패스,,244460,KR7244460002,KOSDAQ
올릭스,,226950,KR7226950004,KOSDAQ
옴니시스템,,057540,KR7057540007,KOSDAQ
옵투스제약,,131030,KR7131030009,KOSDAQ
옵트론텍,,082210,KR7082210006,KOSDAQ
옵티시스,,109080,KR7109080002,KOSDAQ
옵티코어,,380540,KR7380540005,KOSDAQ
옵티팜,,153710,KR7153710009,KOSDAQ
와이랩,,432430,KR7432430007,KOSDAQ
와이바이오로직스,,338840,KR7338840002,KOSDAQ
와이솔,,122990,KR7122990005,KOSDAQ
와이씨,,232140,KR7232140004,KOSDAQ
와이씨켐,,112290,KR7112290002,KOSDAQ
와이어블,,065530,KR7065530008,KOSDAQ
와이엔텍,,067900,KR7067900001,KOSDAQ
와이엠,,007530,KR7007530009,KOSDAQ
와이엠씨,,155650,KR7155650005,KOSDAQ
와이엠텍,,273640,KR7273640003,KOSDAQ
와이엠티,,251370,KR7251370003,KOSDAQ
와이제이링크,,209640,KR7209640002,KOSDAQ
와이즈넛,,096250,KR7096250006,KOSDAQ
와이즈버즈,,273060,KR7273060004,KOSDAQ
와이지-원,YG-1,019210,KR7019210004,KOSDAQ
와이지엔터테인먼트,YG엔터,122870,KR7122870009,KOSDAQ
와이투솔루션,,011690,KR7011690005,KOSPI
와토스코리아,,079000,KR7079000006,KOSDAQ
우듬지팜,,403490,KR7403490006,KOSDAQ
우리금융지주,,316140,KR7316140003,KOSPI
우리기술,,032820,KR7032820003,KOSDAQ
우리기술투자,,041190,KR7041190000,KOSDAQ
우리넷,,115440,KR7115440000,KOSDAQ
우리로,,046970,KR7046970000,KOSDAQ
우리바이오,,082850,KR7082850009,KOSDAQ
우리산업,,215360,KR7215360009,KOSDAQ
우리산업홀딩스,,072470,KR7072470008,KOSDAQ
우리손에프앤지,,073560,KR7073560005,KOSDAQ
우리엔터프라이즈,,037400,KR7037400009,KOSDAQ
우리이앤엘,,153490,KR7153490008,KOSDAQ
우림피티에스,,101170,KR7101170009,KOSDAQ
우성,,006980,KR7006980007,KOSPI
우수AMS,,066590,KR7066590001,KOSDAQ
우신시스템,,017370,KR7017370008,KOSPI
우양,,103840,KR7103840005,KOSDAQ
우양에이치씨,우양HC,101970,KR7101970002,KOSDAQ
우원개발,,046940,KR7046940003,KOSDAQ
우정바이오,,215380,KR7215380007,KOSDAQ
우주일렉트로,,065680,KR7065680001,KOSDAQ
우진,,105840,KR7105840003,KOSPI
우진비앤지,,018620,KR7018620005,KOSDAQ
우진아이엔에스,우진I&S,010400,KR7010400000,KOSPI
우진엔텍,,457550,KR7457550002,KOSDAQ
우진플라임,,049800,KR7049800006,KOSPI
웅진,,016880,KR7016880007,KOSPI
웅진씽크빅,,095720,KR7095720009,KOSPI
워트,,396470,KR7396470007,KOSDAQ
원림,,005820,KR7005820006,KOSPI
원바이오젠,,307280,KR7307280008,KOSDAQ
원익,,032940,KR7032940009,KOSDAQ
원익IPS,,240810,KR7240810002,KOSDAQ
원익QnC,,074600,KR7074600008,KOSDAQ
원익머트리얼즈,,104830,KR7104830005,KOSDAQ
원익큐브,,014190,KR7014190003,KOSDAQ
원익피앤이,,217820,KR7217820000,KOSDAQ
원익홀딩스,,030530,KR7030530000,KOSDAQ
원일특강,,012620,KR7012620001,KOSDAQ
원일티엔아이,,136150,KR7136150000,KOSDAQ
원준,,382840,KR7382840007,KOSDAQ
원텍,,336570,KR7336570007,KOSDAQ
원티드랩,,376980,KR7376980009,KOSDAQ
원포유,,122830,KR7122830003,KONEX
원풍,,008370,KR7008370009,KOSDAQ
원풍물산,,008290,KR7008290009,KOSDAQ
월덱스,,101160,KR7101160000,KOSDAQ
웨이버스,,336060,KR7336060009,KOSDAQ
웨이브일렉트로,,095270,KR7095270005,KOSDAQ
웨이비스,,289930,KR7289930000,KOSDAQ
웰크론,,065950,KR7065950008,KOSDAQ
웰크론한텍,,076080,KR7076080001,KOSDAQ
웰킵스하이텍,,043590,KR7043590009,KOSDAQ
웹스,,196700,KR7196700009,KOSDAQ
웹젠,,069080,KR7069080000,KOSDAQ
웹케시,,053580,KR7053580007,KOSDAQ
위너스,,479960,KR7479960007,KOSDAQ
위니아에이드,,377460,KR7377460001,KOSDAQ
위닉스,,044340,KR7044340008,KOSDAQ
위더스제약,,330350,KR7330350000,KOSDAQ
위드텍,,348350,KR7348350000,KOSDAQ
위메이드,,112040,KR7112040001,KOSDAQ
위메이드맥스,,101730,KR7101730000,KOSDAQ
위메이드플레이,,123420,KR7123420002,KOSDAQ
위세아이텍,,065370,KR7065370009,KOSDAQ
위월드,,140660,KR7140660002,KONEX
위즈코프,,038620,KR7038620001,KOSDAQ
위지윅스튜디오,,299900,KR7299900001,KOSDAQ
위지트,,036090,KR7036090009,KOSDAQ
위츠,,459100,KR7459100004,KOSDAQ
윈스테크넷,,136540,KR7136540002,KOSDAQ
윈팩,,097800,KR7097800007,KOSDAQ
윈하이텍,,192390,KR7192390003,KOSDAQ
윌비스,,008600,KR7008600009,KOSPI
윙스풋,,335870,KR7335870002,KOSDAQ
유나이티드제약,,033270,KR7033270000,KOSPI
유니드,,014830,KR7014830004,KOSPI
유니드비티플러스,,446070,KR7446070005,KOSPI
유니셈,,036200,KR7036200004,KOSDAQ
유니슨,,018000,KR7018000000,KOSDAQ
유니온,,000910,KR7000910000,KOSPI
유니온머티리얼,,047400,KR7047400007,KOSPI
유니온바이오메트릭스,,203450,KR7203450002,KOSDAQ
유니켐,,011330,KR7011330008,KOSPI
유니퀘스트,,077500,KR7077500007,KOSPI
유니크,,011320,KR7011320009,KOSDAQ
유니테스트,,086390,KR7086390002,KOSDAQ
유니테크노,,241690,KR7241690007,KOSDAQ
유니트론텍,,142210,KR7142210004,KOSDAQ
유니포인트,,121060,KR7121060008,KONEX
유디엠텍,,389680,KR7389680000,KOSDAQ
유라클,,088340,KR7088340005,KOSDAQ
유라테크,,048430,KR7048430003,KOSDAQ
유바이오로직스,,206650,KR7206650004,KOSDAQ
유비벨록스,,089850,KR7089850002,KOSDAQ
유비씨,,495810,KR7495810004,KONEX
유비온,,084440,KR7084440007,KOSDAQ
유비케어,,032620,KR7032620007,KOSDAQ
유비쿼스,,264450,KR7264450008,KOSDAQ
유비쿼스홀딩스,,078070,KR7078070000,KOSDAQ
유성기업,,002920,KR7002920007,KOSPI
유성티엔에스,,024800,KR7024800005,KOSDAQ
유수홀딩스,,000700,KR7000700005,KOSPI
유신,,054930,KR7054930003,KOSDAQ
유아이디,,069330,KR7069330009,KOSDAQ
유아이엘,,049520,KR7049520000,KOSDAQ
유안타제11호스팩,,444920,KR7444920003,KOSDAQ
유안타제14호스팩,,450940,KR7450940002,KOSDAQ
유안타제15호스팩,,473050,KR7473050003,KOSDAQ
유안타제16호스팩,,474490,KR7474490000,KOSDAQ
유안타제17호스팩,,493790,KR7493790000,KOSDAQ
유안타증권,,003470,KR7003470002,KOSPI
유안타증권우,,003475,KR7003471000,KOSPI
유에스티,,263770,KR7263770000,KOSDAQ
유엑스엔,,337840,KR7337840003,KONEX
유엔젤,,072130,KR7072130008,KOSPI
유유제약,,000220,KR7000220004,KOSPI
유유제약1우,,000225,KR7000221002,KOSPI
유유제약2우B,,000227,KR7000222000,KOSPI
유일로보틱스,,388720,KR7388720005,KOSDAQ
유일에너테크,,340930,KR7340930007,KOSDAQ
유진 챔피언중단기크레딧 X클래스,,0120X0,KR70120X0000,KOSPI
유진기업,,023410,KR7023410004,KOSDAQ
유진로봇,,056080,KR7056080005,KOSDAQ
유진스팩10호,,468760,KR7468760004,KOSDAQ
유진스팩11호,,488060,KR7488060005,KOSDAQ
유진스팩12호,,0105P0,KR70105P0009,KOSDAQ
유진테크,,084370,KR7084370006,KOSDAQ
유진테크놀로지,,240600,KR7240600007,KOSDAQ
유진투자증권,,001200,KR7001200005,KOSPI
유투바이오,,221800,KR7221800006,KOSDAQ
유티아이,,179900,KR7179900006,KOSDAQ
유틸렉스,,263050,KR7263050007,KOSDAQ
유한양행,,000100,KR7000100008,KOSPI
유한양행우,,000105,KR7000101006,KOSPI
유화증권,,003460,KR7003460003,KOSPI
유화증권우,,003465,KR7003461001,KOSPI
육일씨엔에쓰,,191410,KR7191410000,KOSDAQ
윤성에프앤씨,,372170,KR7372170001,KOSDAQ
율촌,,146060,KR7146060009,KOSDAQ
율촌화학,,008730,KR7008730004,KOSPI
이건산업,,008250,KR7008250003,KOSPI
이건홀딩스,,039020,KR7039020003,KOSDAQ
이구산업,,025820,KR7025820002,KOSPI
이글루,,067920,KR7067920009,KOSDAQ
이글벳,,044960,KR7044960003,KOSDAQ
이노뎁,,303530,KR7303530000,KOSDAQ
이노룰스,,296640,KR7296640006,KOSDAQ
이노메트리,,302430,KR7302430004,KOSDAQ
이노벡스,,279060,KR7279060008,KONEX
이노션,,214320,KR7214320004,KOSPI
이노스페이스,,462350,KR7462350000,KOSDAQ
이노시뮬레이션,,274400,KR7274400001,KOSDAQ
이노와이어리스,,073490,KR7073490005,KOSDAQ
이노인스트루먼트,,215790,KR7215790007,KOSDAQ
이노진,,344860,KR7344860002,KOSDAQ
이노테크,,469610,KR7469610000,KOSDAQ
이녹스,,088390,KR7088390000,KOSDAQ
이녹스첨단소재,,272290,KR7272290008,KOSDAQ
이니텍,,053350,KR7053350005,KOSDAQ
이닉스,,452400,KR7452400005,KOSDAQ
이랜시스,,264850,KR7264850009,KOSDAQ
이랜텍,,054210,KR7054210000,KOSDAQ
이렘,,009730,KR7009730003,KOSDAQ
이루온,,065440,KR7065440000,KOSDAQ
이리츠코크렙,,088260,KR7088260005,KOSPI
이마트,,139480,KR7139480008,KOSPI
이뮨온시아,,424870,KR7424870004,KOSDAQ
이미지스,,115610,KR7115610008,KOSDAQ
이베스트스팩6호,,478110,KR7478110000,KOSDAQ
이브이첨단소재,,131400,KR7131400004,KOSDAQ
이비테크,,208850,KR7208850008,KONEX
이삭엔지니어링,,351330,KR7351330006,KOSDAQ
이상네트웍스,,080010,KR7080010002,KOSDAQ
이성씨엔아이,,379390,KR7379390008,KONEX
이수스페셜티케미컬,,457190,KR7457190007,KOSPI
이수앱지스,,086890,KR7086890001,KOSDAQ
이수페타시스,,007660,KR7007660004,KOSPI
이수화학,,005950,KR7005950001,KOSPI
이스타코,,015020,KR7015020001,KOSPI
이스트소프트,,047560,KR7047560008,KOSDAQ
이스트에이드,,239340,KR7239340003,KOSDAQ
이씨에스,,067010,KR7067010009,KOSDAQ
이앤에치,,341310,KR7341310001,KONEX
이엔셀,,456070,KR7456070002,KOSDAQ
이엔에프테크놀로지,,102710,KR7102710001,KOSDAQ
이엔플러스,,074610,KR7074610007,KOSPI
이엘씨,,041520,KR7041520008,KOSDAQ
이엘피,,063760,KR7063760003,KOSDAQ
이엠넷,,123570,KR7123570004,KOSDAQ
이엠앤아이,,083470,KR7083470005,KOSDAQ
이엠코리아,,095190,KR7095190005,KOSDAQ
이엠텍,,091120,KR7091120006,KOSDAQ
이엠티,,232530,KR7232530006,KONEX
이연제약,,102460,KR7102460003,KOSPI
이오테크닉스,,039030,KR7039030002,KOSDAQ
이오플로우,,294090,KR7294090006,KOSDAQ
이원컴포텍,,088290,KR7088290002,KOSDAQ
이월드,,084680,KR7084680008,KOSPI
이지바이오,,353810,KR7353810005,KOSDAQ
이지스,,261520,KR7261520001,KOSDAQ
이지스레지던스리츠,,350520,KR7350520003,KOSPI
이지스밸류플러스리츠,,334890,KR7334890001,KOSPI
이지케어텍,,099750,KR7099750002,KOSDAQ
이지트로닉스,,377330,KR7377330006,KOSDAQ
이지홀딩스,,035810,KR7035810001,KOSDAQ
이크레더블,,092130,KR7092130004,KOSDAQ
이퓨쳐,,134060,KR7134060003,KOSDAQ
이화공영,,001840,KR7001840008,KOSDAQ
이화산업,,000760,KR7000760009,KOSPI
인디에프,,014990,KR7014990006,KOSPI
인바디,,041830,KR7041830001,KOSDAQ
인바이오,,352940,KR7352940001,KOSDAQ
인바이오젠,,101140,KR7101140002,KOSPI
인바이츠바이오코아,,216400,KR7216400002,KONEX
인베니아,,079950,KR7079950002,KOSDAQ
인벤티지랩,,389470,KR7389470006,KOSDAQ
인산가,,277410,KR7277410007,KOSDAQ
인선이엔티,,060150,KR7060150000,KOSDAQ
인성정보,,033230,KR7033230004,KOSDAQ
인스웨이브,,450520,KR7450520002,KOSDAQ
인스코비,,006490,KR7006490007,KOSPI
인스피언,,465480,KR7465480002,KOSDAQ
인지디스플레,,037330,KR7037330008,KOSDAQ
인지소프트,,100030,KR7100030006,KOSDAQ
인지컨트롤스,,023800,KR7023800006,KOSPI
인천도시가스,,034590,KR7034590000,KOSPI
인카금융서비스,,211050,KR7211050000,KOSDAQ
인콘,,083640,KR7083640003,KOSDAQ
인크레더블버즈,,064090,KR7064090004,KOSDAQ
인크로스,,216050,KR7216050005,KOSDAQ
인탑스,,049070,KR7049070006,KOSDAQ
인터로이드,,311960,KR7311960009,KONEX
인터로조,,119610,KR7119610004,KOSDAQ
인터엠,,017250,KR7017250002,KOSDAQ
인터지스,,129260,KR7129260006,KOSPI
인터플렉스,,051370,KR7051370005,KOSDAQ
인텍플러스,,064290,KR7064290000,KOSDAQ
인텔리안테크,,189300,KR7189300007,KOSDAQ
인투셀,,287840,KR7287840003,KOSDAQ
인트론바이오,,048530,KR7048530000,KOSDAQ
인팩,,023810,KR7023810005,KOSPI
인포바인,,115310,KR7115310005,KOSDAQ
인포뱅크,,039290,KR7039290002,KOSDAQ
인피니트헬스케어,,071200,KR7071200000,KOSDAQ
인화정공,,101930,KR7101930006,KOSDAQ
일동제약,,249420,KR7249420001,KOSPI
일동홀딩스,,000230,KR7000230003,KOSPI
일성건설,,013360,KR7013360003,KOSPI
일성아이에스,,003120,KR7003120003,KOSPI
일승,,333430,KR7333430007,KOSDAQ
일신바이오,,068330,KR7068330000,KOSDAQ
일신방직,,003200,KR7003200003,KOSPI
일신석재,,007110,KR7007110000,KOSPI
일양약품,,007570,KR7007570005,KOSPI
일양약품우,,007575,KR7007571003,KOSPI
일월지엠엘,,178780,KR7178780003,KOSDAQ
일정실업,,008500,KR7008500001,KOSPI
일지테크,,019540,KR7019540004,KOSDAQ
일진다이아,,081000,KR7081000002,KOSPI
일진디스플,,020760,KR7020760005,KOSPI
일진전기,,103590,KR7103590006,KOSPI
일진파워,,094820,KR7094820008,KOSDAQ
일진하이솔루스,,271940,KR7271940009,KOSPI
일진홀딩스,,015860,KR7015860000,KOSPI
잇츠한불,,226320,KR7226320000,KOSPI
잉글우드랩,,950140,KR8840110108,KOSDAQ
잉크테크,,049550,KR7049550007,KOSDAQ
자람테크놀로지,,389020,KR7389020009,KOSDAQ
자비스,,254120,KR7254120009,KOSDAQ
자연과환경,,043910,KR7043910009,KOSDAQ
자이글,,234920,KR7234920007,KOSDAQ
자이언트스텝,,289220,KR7289220006,KOSDAQ
자이에스앤디,,317400,KR7317400000,KOSPI
자화전자,,033240,KR7033240003,KOSPI
재영솔루텍,,049630,KR7049630007,KOSDAQ
저스템,,417840,KR7417840006,KOSDAQ
전방,,000950,KR7000950006,KOSPI
전진건설로봇,,079900,KR7079900007,KOSPI
전진바이오팜,,110020,KR7110020005,KOSDAQ
정다운,,208140,KR7208140004,KOSDAQ
정상제이엘에스,,040420,KR7040420002,KOSDAQ
정원엔시스,,045510,KR7045510005,KOSDAQ
제너셈,,217190,KR7217190008,KOSDAQ
제넥신,,095700,KR7095700001,KOSDAQ
제노레이,,122310,KR7122310006,KOSDAQ
제노코,,361390,KR7361390008,KOSDAQ
제노텍,,066830,KR7066830001,KONEX
제놀루션,,225220,KR7225220003,KOSDAQ
제닉,,123330,KR7123330003,KOSDAQ
제닉스로보틱스,,381620,KR7381620004,KOSDAQ
제로투세븐,,159580,KR7159580000,KOSDAQ
제룡산업,,147830,KR7147830004,KOSDAQ
제룡전기,,033100,KR7033100009,KOSDAQ
제우스,,079370,KR7079370003,KOSDAQ
제이브이엠,,054950,KR7054950001,KOSDAQ
제이스코홀딩스,,023440,KR7023440001,KOSDAQ
제이스텍,,090470,KR7090470006,KOSDAQ
제이씨케미칼,JC케미칼,137950,KR7137950002,KOSDAQ
제이씨현시스템,,033320,KR7033320003,KOSDAQ
제이아이테크,JI테크,417500,KR7417500006,KOSDAQ
제이알글로벌리츠,,348950,KR7348950007,KOSPI
제이앤티씨,JNTC,204270,KR7204270003,KOSDAQ
제이에스링크,JS링크,127120,KR7127120004,KOSDAQ
제이에스코퍼레이션,JS코퍼레이션,194370,KR7194370003,KOSPI
제이에스티나,,026040,KR7026040006,KOSDAQ
제이엔비,,452160,KR7452160005,KOSDAQ
제이엔케이글로벌,JNK글로벌,126880,KR7126880004,KOSDAQ
제이엘케이,,322510,KR7322510009,KOSDAQ
제이엠멀티,,254160,KR7254160005,KONEX
제이엠아이,,033050,KR7033050006,KOSDAQ
제이엠티,,094970,KR7094970001,KOSDAQ
제이오,,418550,KR7418550000,KOSDAQ
제이케이시냅스,,060230,KR7060230000,KOSDAQ
제이투케이바이오,J2K바이오,420570,KR7420570004,KOSDAQ
제이티,,089790,KR7089790000,KOSDAQ
제이피아이헬스케어,JPI헬스케어,0010V0,KR70010V0005,KOSDAQ
제일기획,,030000,KR7030000004,KOSPI
제일바이오,,052670,KR7052670007,KOSDAQ
제일약품,,271980,KR7271980005,KOSPI
제일엠앤에스,,412540,KR7412540007,KOSDAQ
제일연마,,001560,KR7001560002,KOSPI
제일일렉트릭,,199820,KR7199820002,KOSDAQ
제일테크노스,,038010,KR7038010005,KOSDAQ
제일파마홀딩스,,002620,KR7002620003,KOSPI
제주반도체,,080220,KR7080220007,KOSDAQ
제주은행,,006220,KR7006220008,KOSPI
제주항공,,089590,KR7089590004,KOSPI
제테마,,216080,KR7216080002,KOSDAQ
젝시믹스,,337930,KR7337930002,KOSDAQ
젠큐릭스,,229000,KR7229000005,KOSDAQ
젬백스,,082270,KR7082270000,KOSDAQ
조광페인트,,004910,KR7004910006,KOSPI
조광피혁,,004700,KR7004700001,KOSPI
조비,,001550,KR7001550003,KOSPI
조선내화,,462520,KR7462520008,KOSPI
조선선재,,120030,KR7120030002,KOSPI
조아제약,,034940,KR7034940007,KOSDAQ
조이시티,,067000,KR7067000000,KOSDAQ
조이웍스앤코,,309930,KR7309930006,KOSDAQ
조일알미늄,,018470,KR7018470005,KOSPI
조흥,,002600,KR7002600005,KOSPI
종근당,,185750,KR7185750007,KOSPI
종근당바이오,,063160,KR7063160006,KOSPI
종근당홀딩스,,001630,KR7001630003,KOSPI
좋은사람들,,033340,KR7033340001,KOSDAQ
주성엔지니어링,,036930,KR7036930006,KOSDAQ
주성코퍼레이션,,109070,KR7109070003,KOSPI
주연테크,,044380,KR7044380004,KOSPI
중앙백신,,072020,KR7072020001,KOSDAQ
중앙에너비스,,000440,KR7000440008,KOSDAQ
중앙첨단소재,,051980,KR7051980001,KOSDAQ
지노믹트리,,228760,KR7228760005,KOSDAQ
지놈앤컴퍼니,,314130,KR7314130006,KOSDAQ
지누스,,013890,KR7013890009,KOSPI
지니너스,,389030,KR7389030008,KOSDAQ
지니언스,,263860,KR7263860009,KOSDAQ
지니틱스,,303030,KR7303030001,KOSDAQ
지더블유바이텍,GW바이텍,036180,KR7036180008,KOSDAQ
지란지교시큐리티,,208350,KR7208350009,KOSDAQ
지슨,,446840,KR7446840001,KOSDAQ
지씨셀,,144510,KR7144510005,KOSDAQ
지씨지놈,GC지놈,340450,KR7340450006,KOSDAQ
지아이에스,,306620,KR7306620006,KOSDAQ
지아이이노베이션,,358570,KR7358570000,KOSDAQ
지아이텍,,382480,KR7382480002,KOSDAQ
지앤비에스 에코,,382800,KR7382800001,KOSDAQ
지앤이헬스케어,,299480,KR7299480004,KONEX
지어소프트,,051160,KR7051160000,KOSDAQ
지에스이,,053050,KR7053050001,KOSDAQ
지에이이노더스,,076340,KR7076340009,KONEX
지에프씨생명과학,GFC생명과학,388610,KR7388610008,KOSDAQ
지에프아이,,493330,KR7493330005,KOSDAQ
지엔씨에너지,,119850,KR7119850006,KOSDAQ
지엔코,,065060,KR7065060006,KOSDAQ
지엘팜텍,,204840,KR7204840003,KOSDAQ
지엠비코리아,,013870,KR7013870001,KOSPI
지역난방공사,,071320,KR7071320006,KOSPI
지오엘리먼트,,311320,KR7311320006,KOSDAQ
지투지바이오,,456160,KR7456160001,KOSDAQ
지투파워,,388050,KR7388050007,KOSDAQ
진도,,088790,KR7088790001,KOSPI
진로발효,,018120,KR7018120006,KOSDAQ
진매트릭스,,109820,KR7109820001,KOSDAQ
진바이오텍,,086060,KR7086060001,KOSDAQ
진성티이씨,,036890,KR7036890002,KOSDAQ
진시스템,,363250,KR7363250002,KOSDAQ
진양산업,,003780,KR7003780004,KOSPI
진양제약,,007370,KR7007370000,KOSDAQ
진양폴리,,010640,KR7010640001,KOSPI
진양홀딩스,,100250,KR7100250000,KOSPI
진양화학,,051630,KR7051630002,KOSPI
진에어,,272450,KR7272450008,KOSPI
진영,,285800,KR7285800009,KOSDAQ
진원생명과학,,011000,KR7011000007,KOSPI
진코스텍,,250030,KR7250030004,KONEX
진흥기업,,002780,KR7002780005,KOSPI
진흥기업2우B,,002787,KR7002782001,KOSPI
진흥기업우B,,002785,KR7002781003,KOSPI
질경이,,233990,KR7233990001,KONEX
차AI헬스케어,,025620,KR7025620006,KOSPI
차바이오텍,,085660,KR7085660009,KOSDAQ
차백신연구소,,261780,KR7261780001,KOSDAQ
차이커뮤니케이션,,351870,KR7351870001,KOSDAQ
참엔지니어링,,009310,KR7009310004,KOSPI
참좋은여행,,094850,KR7094850005,KOSDAQ
창대정밀,,368030,KR7368030003,KONEX
창해에탄올,,004650,KR7004650008,KOSDAQ
천보,,278280,KR7278280003,KOSDAQ
천일고속,,000650,KR7000650002,KOSPI
청담글로벌,,362320,KR7362320004,KOSDAQ
체리부로,,066360,KR7066360009,KOSDAQ
체시스,,033250,KR7033250002,KOSPI
초록뱀미디어,,047820,KR7047820006,KOSDAQ
칩스앤미디어,,094360,KR7094360005,KOSDAQ
카스,,016920,KR7016920001,KOSDAQ
카이노스메드,,284620,KR7284620002,KOSDAQ
카카오,,035720,KR7035720002,KOSPI
카카오게임즈,,293490,KR7293490009,KOSDAQ
카카오뱅크,,323410,KR7323410001,KOSPI
카카오페이,,377300,KR7377300009,KOSPI
카티스,,140430,KR7140430000,KOSDAQ
카페24,,042000,KR7042000000,KOSDAQ
카프로,,006380,KR7006380000,KOSPI
캐리,,313760,KR7313760001,KOSDAQ
캐리소프트,,317530,KR7317530004,KOSDAQ
캐스텍코리아,,071850,KR7071850002,KOSDAQ
캐프,,198080,KR7198080004,KOSDAQ
캔버스엔,,210120,KR7210120002,KOSDAQ
캠시스,,050110,KR7050110006,KOSDAQ
캡스톤파트너스,,452300,KR7452300007,KOSDAQ
컨텍,,451760,KR7451760003,KOSDAQ
컴투스,,078340,KR7078340007,KOSDAQ
컴투스홀딩스,,063080,KR7063080006,KOSDAQ
컴퍼니케이,,307930,KR7307930008,KOSDAQ
케스피온,,079190,KR7079190005,KOSDAQ
케어랩스,,263700,KR7263700007,KOSDAQ
케어젠,,214370,KR7214370009,KOSDAQ
케이디켐,,221980,KR7221980006,KOSDAQ
케이바이오,,038530,KR7038530002,KOSDAQ
케이비아이동국실업,KBI동국실업,001620,KR7001620004,KOSPI
케이사인,,192250,KR7192250009,KOSDAQ
케이쓰리아이,K3I,431190,KR7431190008,KOSDAQ
케이씨,,029460,KR7029460003,KOSPI
케이씨에스,,115500,KR7115500001,KOSDAQ
케이씨텍,,281820,KR7281820001,KOSPI
케이씨티,,089150,KR7089150007,KOSDAQ
케이씨피드,,025880,KR7025880006,KOSDAQ
케이아이엔엑스,KINX,093320,KR7093320000,KOSDAQ
케이알엠,,093640,KR7093640001,KOSDAQ
케이에스피,,073010,KR7073010001,KOSDAQ
케이엔더블유,KNW,105330,KR7105330005,KOSDAQ
케이엔솔,,053080,KR7053080008,KOSDAQ
케이엔알시스템,KNR시스템,199430,KR7199430000,KOSDAQ
케이엔에스,,432470,KR7432470003,KOSDAQ
케이엔제이,,272110,KR7272110008,KOSDAQ
케이엘넷,,039420,KR7039420005,KOSDAQ
케이엠,,083550,KR7083550004,KOSDAQ
케이엠더블유,KMW,032500,KR7032500001,KOSDAQ
케이엠제약,KM제약,225430,KR7225430008,KOSDAQ
케이옥션,,102370,KR7102370004,KOSDAQ
케이웨더,,068100,KR7068100007,KOSDAQ
케이이엠텍,,106080,KR7106080005,KOSDAQ
케이지에이,,455180,KR7455180000,KOSDAQ
케이카,,381970,KR7381970003,KOSPI
케이탑리츠,,145270,KR7145270005,KOSPI
케이티알파,,036030,KR7036030005,KOSDAQ
케이프,,064820,KR7064820004,KOSDAQ
케이피에프,,024880,KR7024880007,KOSDAQ
케이피엠테크,KPM테크,042040,KR7042040006,KOSDAQ
케이피티유,,054410,KR7054410006,KOSDAQ
케일럼,,258610,KR7258610005,KOSDAQ
켄코아에어로스페이스,,274090,KR7274090000,KOSDAQ
켈스,,402420,KR7402420004,KONEX
켐트로닉스,,089010,KR7089010003,KOSDAQ
켐트로스,,220260,KR7220260004,KOSDAQ
코나솔,,176590,KR7176590008,KONEX
코나아이,,052400,KR7052400009,KOSDAQ
코난테크놀로지,,402030,KR7402030001,KOSDAQ
코닉오토메이션,,391710,KR7391710001,KOSDAQ
코다코,,046070,KR7046070009,KOSDAQ
코데즈컴바인,,047770,KR7047770003,KOSDAQ
코디,,080530,KR7080530009,KOSDAQ
코람코더원리츠,,417310,KR7417310000,KOSPI
코람코라이프인프라리츠,,357120,KR7357120005,KOSPI
코렌텍,,104540,KR7104540000,KOSDAQ
코리아나,,027050,KR7027050004,KOSDAQ
코리아써우,,007815,KR7007811003,KOSPI
코리아써키트,,007810,KR7007810005,KOSPI
코리아써키트2우B,,00781K,KR700781K015,KOSPI
코리아에셋투자증권,,190650,KR7190650002,KOSDAQ
코리아에프티,,123410,KR7123410003,KOSDAQ
코리안리,,003690,KR7003690005,KOSPI
코맥스,,036690,KR7036690006,KOSDAQ
코메론,,049430,KR7049430002,KOSDAQ
코미코,,183300,KR7183300003,KOSDAQ
코미팜,,041960,KR7041960006,KOSDAQ
코세스,,089890,KR7089890008,KOSDAQ
코셈,,360350,KR7360350003,KOSDAQ
코셋,,189350,KR7189350002,KONEX
코스나인,,082660,KR7082660002,KOSDAQ
코스맥스,,192820,KR7192820009,KOSPI
코스맥스비티아이,코스맥스BTI,044820,KR7044820009,KOSPI
코스맥스엔비티,코스맥스NBT,222040,KR7222040008,KOSDAQ
코스메카코리아,,241710,KR7241710003,KOSDAQ
코스모신소재,,005070,KR7005070008,KOSPI
코스모화학,,005420,KR7005420005,KOSPI
코스텍시스,,355150,KR7355150004,KOSDAQ
코스텍시스템,,169670,KR7169670007,KONEX
코아스,,071950,KR7071950000,KOSPI
코아스템켐온,,166480,KR7166480004,KOSDAQ
코아시아,,045970,KR7045970001,KOSDAQ
코아시아씨엠,,196450,KR7196450001,KOSDAQ
코어라인소프트,,384470,KR7384470001,KOSDAQ
코오롱,,002020,KR7002020006,KOSPI
코오롱ENP,,138490,KR7138490008,KOSPI
코오롱글로벌,,003070,KR7003070000,KOSPI
코오롱글로벌우,,003075,KR7003071008,KOSPI
코오롱생명과학,,102940,KR7102940004,KOSDAQ
코오롱우,,002025,KR7002021004,KOSPI
코오롱인더,,120110,KR7120110002,KOSPI
코오롱인더우,,120115,KR7120111000,KOSPI
코오롱티슈진,,950160,KR8840120008,KOSDAQ
코웨이,,021240,KR7021240007,KOSPI
코위버,,056360,KR7056360001,KOSDAQ
코윈테크,,282880,KR7282880004,KOSDAQ
코이즈,,121850,KR7121850002,KOSDAQ
코츠테크놀로지,,448710,KR7448710004,KOSDAQ
코칩,,126730,KR7126730001,KOSDAQ
코콤,,015710,KR7015710007,KOSDAQ
코텍,,052330,KR7052330008,KOSDAQ
코퍼스코리아,,322780,KR7322780008,KOSDAQ
콘텐트리중앙,,036420,KR7036420008,KOSPI
콜마비앤에이치,,200130,KR7200130003,KOSDAQ
콜마홀딩스,,024720,KR7024720005,KOSPI
쿠콘,,294570,KR7294570007,KOSDAQ
쿠쿠홀딩스,,192400,KR7192400000,KOSPI
쿠쿠홈시스,,284740,KR7284740008,KOSPI
쿼드메디슨,,464490,KR7464490002,KOSDAQ
퀀타매트릭스,,317690,KR7317690006,KOSDAQ
퀄리타스반도체,,432720,KR7432720001,KOSDAQ
큐라켐,,456190,KR7456190008,KONEX
큐라클,,365270,KR7365270008,KOSDAQ
큐라티스,,348080,KR7348080003,KOSDAQ
큐렉소,,060280,KR7060280005,KOSDAQ
큐로셀,,372320,KR7372320002,KOSDAQ
큐로홀딩스,,051780,KR7051780005,KOSDAQ
큐리언트,,115180,KR7115180002,KOSDAQ
큐리오시스,,494120,KR7494120009,KOSDAQ
큐리옥스바이오시스템즈,,445680,KR7445680002,KOSDAQ
큐브엔터,,182360,KR7182360008,KOSDAQ
큐알티,,405100,KR7405100009,KOSDAQ
큐에스아이,,066310,KR7066310004,KOSDAQ
큐엠씨,,136660,KR7136660008,KONEX
큐캐피탈,,016600,KR7016600009,KOSDAQ
크라우드웍스,,355390,KR7355390006,KOSDAQ
크라운제과,,264900,KR7264900002,KOSPI
크라운제과우,,26490K,KR726490K013,KOSPI
크라운해태홀딩스,,005740,KR7005740006,KOSPI
크라운해태홀딩스우,,005745,KR7005741004,KOSPI
크래프톤,,259960,KR7259960003,KOSPI
크레버스,,096240,KR7096240007,KOSDAQ
크레오에스지,,040350,KR7040350001,KOSDAQ
크로넥스,,215570,KR7215570003,KONEX
크리스에프앤씨,크리스F&C,110790,KR7110790003,KOSDAQ
크린앤사이언스,,045520,KR7045520004,KOSDAQ
클래시스,,214150,KR7214150005,KOSDAQ
클로봇,,466100,KR7466100005,KOSDAQ
클리오,,237880,KR7237880000,KOSDAQ
키네마스터,,139670,KR7139670004,KOSDAQ
키다리스튜디오,,020120,KR7020120002,KOSPI
키스트론,,475430,KR7475430005,KOSDAQ
키움제10호스팩,,487720,KR7487720005,KOSDAQ
키움제11호스팩,,489480,KR7489480004,KOSDAQ
키움증권,,039490,KR7039490008,KOSPI
키움히어로제1호스팩,,466690,KR7466690005,KOSDAQ
키이스트,,054780,KR7054780002,KOSDAQ
킵스파마,,256940,KR7256940008,KOSDAQ
타스컴,,336040,KR7336040001,KONEX
타이거일렉,,219130,KR7219130002,KOSDAQ
타이드,,346010,KR7346010002,KONEX
타임기술,,318660,KR7318660008,KONEX
타조이엔터테인먼트,,476710,KR7476710009,KONEX
탈로스,,434190,KR7434190005,KONEX
탑런토탈솔루션,,336680,KR7336680004,KOSDAQ
탑머티리얼,,360070,KR7360070007,KOSDAQ
탑선,,180060,KR7180060006,KONEX
탑엔지니어링,,065130,KR7065130007,KOSDAQ
탑코미디어,,134580,KR7134580000,KOSDAQ
태경비케이,,014580,KR7014580005,KOSPI
태경산업,,015890,KR7015890007,KOSPI
태경케미컬,,006890,KR7006890008,KOSPI
태광,,023160,KR7023160005,KOSDAQ
태광산업,,003240,KR7003240009,KOSPI
태림포장,,011280,KR7011280005,KOSPI
태성,,323280,KR7323280008,KOSDAQ
태양,,053620,KR7053620001,KOSDAQ
태양3C,,052960,KR7052960002,KONEX
태양금속,,004100,KR7004100004,KOSPI
태양금속우,,004105,KR7004101002,KOSPI
태양기계,,116100,KR7116100009,KONEX
태영건설,,009410,KR7009410002,KOSPI
태영건설우,,009415,KR7009411000,KOSPI
태웅,,044490,KR7044490001,KOSDAQ
태웅로직스,,124560,KR7124560004,KOSDAQ
태원물산,,001420,KR7001420009,KOSPI
테고사이언스,,191420,KR7191420009,KOSDAQ
테라뷰,,950250,KR8826050005,KOSDAQ
테라사이언스,,073640,KR7073640005,KOSDAQ
테라젠이텍스,,066700,KR7066700006,KOSDAQ
테스,,095610,KR7095610002,KOSDAQ
테이팩스,,055490,KR7055490007,KOSPI
테크엘,,064520,KR7064520000,KOSDAQ
테크윙,,089030,KR7089030001,KOSDAQ
테크트랜스,,258050,KR7258050004,KONEX
텔레칩스,,054450,KR7054450002,KOSDAQ
텔코웨어,,078000,KR7078000007,KOSPI
텔콘RF제약,,200230,KR7200230001,KOSDAQ
토니모리,,214420,KR7214420002,KOSPI
토마토시스템,,393210,KR7393210000,KOSDAQ
토모큐브,,475960,KR7475960001,KOSDAQ
토박스코리아,,215480,KR7215480005,KOSDAQ
토비스,,051360,KR7051360006,KOSDAQ
토탈소프트,,045340,KR7045340007,KOSDAQ
톱텍,,108230,KR7108230004,KOSDAQ
투비소프트,,079970,KR7079970000,KOSDAQ
툴젠,,199800,KR7199800004,KOSDAQ
트루엔,,417790,KR7417790003,KOSDAQ
트윔,,290090,KR7290090000,KOSDAQ
특수건설,,026150,KR7026150003,KOSDAQ
티디에스팜,,464280,KR7464280007,KOSDAQ
티로보틱스,,117730,KR7117730002,KOSDAQ
티비씨,,033830,KR7033830001,KOSDAQ
티사이언티픽,,057680,KR7057680001,KOSDAQ
티쓰리,,204610,KR7204610000,KOSDAQ
티씨머티리얼즈,,125020,KR7125020008,KOSDAQ
티씨케이,,064760,KR7064760002,KOSDAQ
티앤알바이오팹,,246710,KR7246710008,KOSDAQ
티앤엘,,340570,KR7340570001,KOSDAQ
티에스넥스젠,,043220,KR7043220003,KOSDAQ
티에스아이,,277880,KR7277880001,KOSDAQ
티에스이,,131290,KR7131290009,KOSDAQ
티에이치엔,,019180,KR7019180009,KOSPI
티에프이,,425420,KR7425420007,KOSDAQ
티엑스알로보틱스,,484810,KR7484810007,KOSDAQ
티엔엔터테인먼트,,131100,KR7131100000,KOSDAQ
티엘비,,356860,KR7356860007,KOSDAQ
티엘엔지니어링,,413300,KR7413300005,KONEX
티엠씨,,217590,KR7217590009,KOSPI
티와이홀딩스,,363280,KR7363280009,KOSPI
티와이홀딩스우,,36328K,KR736328K013,KOSPI
티움바이오,,321550,KR7321550006,KOSDAQ
티웨이항공,,091810,KR7091810002,KOSPI
티웨이홀딩스,,004870,KR7004870002,KOSPI
티이엠씨,,425040,KR7425040003,KOSDAQ
티이엠씨씨엔에스,,241790,KR7241790005,KOSDAQ
티케이지애강,,022220,KR7022220008,KOSDAQ
티케이케미칼,,104480,KR7104480009,KOSDAQ
티플랙스,,081150,KR7081150005,KOSDAQ
티피씨글로벌,,130740,KR7130740004,KOSDAQ
틸론,,217880,KR7217880004,KONEX
팅크웨어,,084730,KR7084730001,KOSDAQ
파두,,440110,KR7440110005,KOSDAQ
파라다이스,,034230,KR7034230003,KOSPI
파라택시스코리아,,288330,KR7288330004,KOSDAQ
파라텍,,033540,KR7033540006,KOSDAQ
파로스아이바이오,,388870,KR7388870008,KOSDAQ
파루,,043200,KR7043200005,KOSDAQ
파마리서치,,214450,KR7214450009,KOSDAQ
파마리서치바이오,,217950,KR7217950005,KONEX
파미셀,,005690,KR7005690003,KOSPI
파버나인,,177830,KR7177830007,KOSDAQ
파세코,,037070,KR7037070000,KOSDAQ
파수,,150900,KR7150900009,KOSDAQ
파워 200,,152870,KR7152870002,KOSPI
파워 K-주주가치액티브,,491510,KR7491510004,KOSPI
파워 고배당저변동성,,192720,KR7192720001,KOSPI
파워 종합채권(AA-이상)액티브,,498180,KR7498180009,KOSPI
파워 코스피100,,140950,KR7140950007,KOSPI
파워넷,,037030,KR7037030004,KOSDAQ
파워로직스,,047310,KR7047310008,KOSDAQ
파이버프로,,368770,KR7368770004,KOSDAQ
파이오링크,,170790,KR7170790000,KOSDAQ
파인디앤씨,,049120,KR7049120009,KOSDAQ
파인디지털,,038950,KR7038950002,KOSDAQ
파인메딕스,,387570,KR7387570005,KOSDAQ
파인엠텍,,441270,KR7441270006,KOSDAQ
파인테크닉스,,106240,KR7106240005,KOSDAQ
파인텍,,131760,KR7131760001,KOSDAQ
파커스,,065690,KR7065690000,KOSDAQ
파크시스템스,,140860,KR7140860008,KOSDAQ
파트론,,091700,KR7091700005,KOSDAQ
판도라티비,,202960,KR7202960001,KONEX
판타지오,,032800,KR7032800005,KOSDAQ
팜스빌,,318010,KR7318010006,KOSDAQ
팜스코,,036580,KR7036580009,KOSPI
팜스토리,,027710,KR7027710003,KOSDAQ
팜젠사이언스,,004720,KR7004720009,KOSPI
팡스카이,,266350,KR7266350008,KONEX
패션플랫폼,,225590,KR7225590009,KOSDAQ
팬스타엔터프라이즈,,054300,KR7054300009,KOSDAQ
팬엔터테인먼트,,068050,KR7068050004,KOSDAQ
팬오션,,028670,KR7028670008,KOSPI
팬젠,,222110,KR7222110009,KOSDAQ
팸텍,,271830,KR7271830002,KOSDAQ
퍼스텍,,010820,KR7010820009,KOSPI
퍼시스,,016800,KR7016800005,KOSPI
펄어비스,,263750,KR7263750002,KOSDAQ
펌텍코리아,,251970,KR7251970000,KOSDAQ
페스카로,,0015S0,KR70015S0005,KOSDAQ
페이퍼코리아,,001020,KR7001020007,KOSPI
펨토바이오메드,,327610,KR7327610002,KONEX
펨트론,,168360,KR7168360006,KOSDAQ
펩트론,,087010,KR7087010005,KOSDAQ
평화산업,,090080,KR7090080003,KOSPI
평화홀딩스,,010770,KR7010770006,KOSPI
포니링크,,064800,KR7064800006,KOSDAQ
포메탈,,119500,KR7119500007,KOSDAQ
포바이포,,389140,KR7389140005,KOSDAQ
포스뱅크,,105760,KR7105760003,KOSDAQ
포스코DX,,022100,KR7022100002,KOSPI
포스코스틸리온,,058430,KR7058430000,KOSPI
포스코엠텍,,009520,KR7009520008,KOSDAQ
포스코인터내셔널,,047050,KR7047050000,KOSPI
포스코퓨처엠,,003670,KR7003670007,KOSPI
포시에스,,189690,KR7189690001,KOSDAQ
포인트모바일,,318020,KR7318020005,KOSDAQ
포인트엔지니어링,,256630,KR7256630005,KOSDAQ
포커스에이아이,,331380,KR7331380006,KOSDAQ
포톤,,208710,KR7208710004,KOSDAQ
폰드그룹,,472850,KR7472850007,KOSDAQ
폴라리스AI,,039980,KR7039980008,KOSDAQ
폴라리스AI파마,,041910,KR7041910001,KOSDAQ
폴라리스세원,,234100,KR7234100006,KOSDAQ
폴라리스오피스,,041020,KR7041020009,KOSDAQ
폴라리스우노,,114630,KR7114630007,KOSDAQ
푸드나무,,290720,KR7290720002,KOSDAQ
푸드웰,,005670,KR7005670005,KOSDAQ
푸른기술,,094940,KR7094940004,KOSDAQ
푸른저축은행,,007330,KR7007330004,KOSDAQ
풀무원,,017810,KR7017810003,KOSPI
풍강,,093380,KR7093380004,KOSDAQ
풍국주정,,023900,KR7023900004,KOSDAQ
풍산,,103140,KR7103140000,KOSPI
풍산홀딩스,,005810,KR7005810007,KOSPI
풍원정밀,,371950,KR7371950007,KOSDAQ
퓨런티어,,370090,KR7370090003,KOSDAQ
퓨릿,,445180,KR7445180003,KOSDAQ
퓨쳐메디신,,341170,KR7341170009,KONEX
퓨쳐켐,,220100,KR7220100002,KOSDAQ
프럼파스트,,035200,KR7035200005,KOSDAQ
프레스티지바이오로직스,,334970,KR7334970001,KOSDAQ
프레스티지바이오파마,,950210,KR8702070002,KOSPI
프로브잇,,227100,KR7227100005,KOSDAQ
프로이천,,321260,KR7321260002,KOSDAQ
프로젠,,296160,KR7296160005,KONEX
프로텍,,053610,KR7053610002,KOSDAQ
프로티나,,468530,KR7468530001,KOSDAQ
프로티아,,303360,KR7303360002,KOSDAQ
프롬바이오,,377220,KR7377220009,KOSDAQ
프리시젼바이오,,335810,KR7335810008,KOSDAQ
프리엠스,,053160,KR7053160008,KOSDAQ
플라즈맵,,405000,KR7405000001,KOSDAQ
플래스크,,041590,KR7041590001,KOSDAQ
플래티어,,367000,KR7367000007,KOSDAQ
플랜티넷,,075130,KR7075130005,KOSDAQ
플럼라인생명과학,,222670,KR7222670002,KONEX
플레이그램,,009810,KR7009810003,KOSPI
플레이디,,237820,KR7237820006,KOSDAQ
플레이위드,,023770,KR7023770001,KOSDAQ
플루토스,,019570,KR7019570001,KOSDAQ
플리토,,300080,KR7300080009,KOSDAQ
피노,,033790,KR7033790007,KOSDAQ
피델릭스,,032580,KR7032580003,KOSDAQ
피씨디렉트,,051380,KR7051380004,KOSDAQ
피씨엘,,241820,KR7241820000,KOSDAQ
피아이이,,452450,KR7452450000,KOSDAQ
피앤씨테크,,237750,KR7237750005,KOSDAQ
피앤에스로보틱스,,460940,KR7460940000,KOSDAQ
피에스케이,,319660,KR7319660007,KOSDAQ
피에스케이홀딩스,PSK홀딩스/PSK 홀딩스,031980,KR7031980006,KOSDAQ
피에스텍,,002230,KR7002230001,KOSDAQ
피에이치에이,,043370,KR7043370006,KOSDAQ
피엔에이치테크,P&H테크,239890,KR7239890007,KOSDAQ
피엔케이피부임상연구센타,,347740,KR7347740003,KOSDAQ
피엔티,,137400,KR7137400008,KOSDAQ
피엔티엠에스,,257370,KR7257370007,KOSDAQ
피엠티,,147760,KR7147760003,KOSDAQ
피제이메탈,,128660,KR7128660008,KOSDAQ
피제이전자,,006140,KR7006140008,KOSDAQ
피코그램,,376180,KR7376180006,KOSDAQ
피플바이오,,304840,KR7304840002,KOSDAQ
픽셀플러스,,087600,KR7087600003,KOSDAQ
핀텔,,291810,KR7291810000,KOSDAQ
필에너지,,378340,KR7378340004,KOSDAQ
필옵틱스,,161580,KR7161580006,KOSDAQ
핌스,,347770,KR7347770000,KOSDAQ
핑거,,163730,KR7163730005,KOSDAQ
핑거스토리,,417180,KR7417180007,KOSDAQ
하나30호스팩,,469880,KR7469880009,KOSDAQ
하나31호스팩,,469900,KR7469900005,KOSDAQ
하나32호스팩,,475240,KR7475240008,KOSDAQ
하나33호스팩,,475250,KR7475250007,KOSDAQ
하나34호스팩,,484130,KR7484130000,KOSDAQ
하나35호스팩,,0041L0,KR70041L0000,KOSDAQ
하나36호스팩,,0101C0,KR70101C0008,KOSDAQ
하나금융지주,,086790,KR7086790003,KOSPI
하나기술,,299030,KR7299030007,KOSDAQ
하나마이크론,,067310,KR7067310003,KOSDAQ
하나머티리얼즈,,166090,KR7166090001,KOSDAQ
하나제약,,293480,KR7293480000,KOSPI
하나투어,,039130,KR7039130000,KOSPI
하림,,136480,KR7136480001,KOSDAQ
하림지주,,003380,KR7003380003,KOSDAQ
하스,,450330,KR7450330006,KOSDAQ
하이드로리튬,,101670,KR7101670008,KOSDAQ
하이딥,,365590,KR7365590009,KOSDAQ
하이로닉,,149980,KR7149980005,KOSDAQ
하이록코리아,,013030,KR7013030002,KOSDAQ
하이브,,352820,KR7352820005,KOSPI
하이비젼시스템,,126700,KR7126700004,KOSDAQ
하이스틸,,071090,KR7071090005,KOSPI
하이젠알앤엠,,160190,KR7160190005,KOSDAQ
하이즈항공,,221840,KR7221840002,KOSDAQ
하이텍팜,,106190,KR7106190002,KOSDAQ
하이트진로,,000080,KR7000080002,KOSPI
하이트진로2우B,,000087,KR7000082008,KOSPI
하이트진로홀딩스,,000140,KR7000140004,KOSPI
하이트진로홀딩스우,,000145,KR7000141002,KOSPI
하이퍼코퍼레이션,,065650,KR7065650004,KOSDAQ
하츠,,066130,KR7066130006,KOSDAQ
한국ANKOR유전,,152550,KR7152550000,KOSPI
한국가구,,004590,KR7004590006,KOSDAQ
한국가스공사,,036460,KR7036460004,KOSPI
한국경제TV,,039340,KR7039340005,KOSDAQ
한국공항,,005430,KR7005430004,KOSPI
한국금융지주,,071050,KR7071050009,KOSPI
한국금융지주우,,071055,KR7071051007,KOSPI
한국기업평가,,034950,KR7034950006,KOSDAQ
한국내화,,010040,KR7010040004,KOSPI
한국단자,,025540,KR7025540006,KOSPI
한국맥널티,,222980,KR7222980005,KOSDAQ
한국무브넥스,,010100,KR7010100006,KOSPI
한국미라클피플사,,331660,KR7331660001,KONEX
한국비엔씨,,256840,KR7256840000,KOSDAQ
한국비티비,,219750,KR7219750007,KOSDAQ
한국석유,,004090,KR7004090007,KOSPI
한국선재,,025550,KR7025550005,KOSDAQ
한국수출포장,,002200,KR7002200004,KOSPI
한국쉘석유,,002960,KR7002960003,KOSPI
한국알콜,,017890,KR7017890005,KOSDAQ
한국앤컴퍼니,,000240,KR7000240002,KOSPI
한국유니온제약,,080720,KR7080720006,KOSDAQ
한국자산신탁,,123890,KR7123890006,KOSPI
한국전력,,015760,KR7015760002,KOSPI
한국전자인증,,041460,KR7041460007,KOSDAQ
한국전자홀딩스,,006200,KR7006200000,KOSPI
한국정밀기계,,101680,KR7101680007,KOSDAQ
한국정보공학,,039740,KR7039740006,KOSDAQ
한국정보인증,,053300,KR7053300000,KOSDAQ
한국정보통신,,025770,KR7025770009,KOSDAQ
한국제12호스팩,,458610,KR7458610003,KOSDAQ
한국제13호스팩,,464440,KR7464440007,KOSDAQ
한국제15호스팩,,479880,KR7479880007,KOSDAQ
한국제지,,027970,KR7027970003,KOSPI
한국종합기술,,023350,KR7023350002,KOSPI
한국주강,,025890,KR7025890005,KOSPI
한국주철관,,000970,KR7000970004,KOSPI
한국철강,,104700,KR7104700000,KOSPI
한국첨단소재,,062970,KR7062970009,KOSDAQ
한국카본,,017960,KR7017960006,KOSPI
한국캐피탈,,023760,KR7023760002,KOSDAQ
한국컴퓨터,,054040,KR7054040001,KOSDAQ
한국콜마,,161890,KR7161890009,KOSPI
한국큐빅,,021650,KR7021650007,KOSDAQ
한국타이어앤테크놀로지,,161390,KR7161390000,KOSPI
한국토지신탁,,034830,KR7034830000,KOSPI
한국특강,,007280,KR7007280001,KOSPI
한국파마,,032300,KR7032300006,KOSDAQ
한국팩키지,,037230,KR7037230000,KOSDAQ
한국피아이엠,,448900,KR7448900001,KOSDAQ
한국항공우주,,047810,KR7047810007,KOSPI
한국화장품,,123690,KR7123690000,KOSPI
한국화장품제조,,003350,KR7003350006,KOSPI
한글과컴퓨터,,030520,KR7030520001,KOSDAQ
한네트,,052600,KR7052600004,KOSDAQ
한농화성,,011500,KR7011500006,KOSPI
한독,,002390,KR7002390003,KOSPI
한독크린텍,,256150,KR7256150004,KOSDAQ
한라IMS,,092460,KR7092460005,KOSDAQ
한라캐스트,,125490,KR7125490003,KOSDAQ
한미글로벌,,053690,KR7053690004,KOSPI
한미반도체,,042700,KR7042700005,KOSPI
한미사이언스,,008930,KR7008930000,KOSPI
한미약품,,128940,KR7128940004,KOSPI
한빛레이저,,452190,KR7452190002,KOSDAQ
한빛소프트,,047080,KR7047080007,KOSDAQ
한샘,,009240,KR7009240003,KOSPI
한선엔지니어링,,452280,KR7452280001,KOSDAQ
한섬,,020000,KR7020000006,KOSPI
한성기업,,003680,KR7003680006,KOSPI
한성크린텍,,066980,KR7066980004,KOSDAQ
한세실업,,105630,KR7105630008,KOSPI
한세엠케이,,069640,KR7069640001,KOSPI
한세예스24홀딩스,,016450,KR7016450009,KOSPI
한솔로지스틱스,,009180,KR7009180001,KOSPI
한솔아이원스,,114810,KR7114810005,KOSDAQ
한솔인티큐브,,070590,KR7070590005,KOSDAQ
한솔제지,,213500,KR7213500002,KOSPI
한솔케미칼,,014680,KR7014680003,KOSPI
한솔테크닉스,,004710,KR7004710000,KOSPI
한솔홀딩스,,004150,KR7004150009,KOSPI
한솔홈데코,,025750,KR7025750001,KOSPI
한스바이오메드,,042520,KR7042520007,KOSDAQ
한신공영,,004960,KR7004960001,KOSPI
한신기계,,011700,KR7011700002,KOSPI
한싹,,430690,KR7430690008,KOSDAQ
한양디지텍,,078350,KR7078350006,KOSDAQ
한양이엔지,,045100,KR7045100005,KOSDAQ
한양증권,,001750,KR7001750009,KOSPI
한양증권우,,001755,KR7001751007,KOSPI
한온시스템,,018880,KR7018880005,KOSPI
한올바이오파마,,009420,KR7009420001,KOSPI
한울반도체,,320000,KR7320000003,KOSDAQ
한울소재과학,,091440,KR7091440008,KOSDAQ
한울앤제주,,276730,KR7276730009,KOSDAQ
한익스프레스,,014130,KR7014130009,KOSPI
한일단조,,024740,KR7024740003,KOSDAQ
한일사료,,005860,KR7005860002,KOSDAQ
한일시멘트,,300720,KR7300720000,KOSPI
한일철강,,002220,KR7002220002,KOSPI
한일홀딩스,,003300,KR7003300001,KOSPI
한일화학,,007770,KR7007770001,KOSDAQ
한전KPS,,051600,KR7051600005,KOSPI
한전기술,,052690,KR7052690005,KOSPI
한전산업,,130660,KR7130660004,KOSPI
한주라이트메탈,,198940,KR7198940009,KOSDAQ
한주에이알티,,058450,KR7058450008,KOSDAQ
한중엔시에스,,107640,KR7107640005,KOSDAQ
한진,,002320,KR7002320000,KOSPI
한진중공업홀딩스,,003480,KR7003480001,KOSPI
한진칼,,180640,KR7180640005,KOSPI
한진칼우,,18064K,KR718064K016,KOSPI
한창,,005110,KR7005110002,KOSPI
한창산업,,079170,KR7079170007,KOSDAQ
한창제지,,009460,KR7009460007,KOSPI
한컴라이프케어,,372910,KR7372910000,KOSPI
한컴위드,,054920,KR7054920004,KOSDAQ
한켐,,457370,KR7457370005,KOSDAQ
한탑,,002680,KR7002680007,KOSDAQ
한텍,,098070,KR7098070006,KOSDAQ
한화,,000880,KR7000880005,KOSPI
한화3우B,,00088K,KR700088K015,KOSPI
한화갤러리아,,452260,KR7452260003,KOSPI
한화갤러리아우,,45226K,KR745226K018,KOSPI
한화리츠,,451800,KR7451800007,KOSPI
한화비전,,489790,KR7489790006,KOSPI
한화생명,,088350,KR7088350004,KOSPI
한화손해보험,,000370,KR7000370007,KOSPI
한화솔루션,,009830,KR7009830001,KOSPI
한화솔루션우,,009835,KR7009831009,KOSPI
한화시스템,,272210,KR7272210006,KOSPI
한화에어로스페이스,,012450,KR7012450003,KOSPI
한화엔진,,082740,KR7082740002,KOSPI
한화오션,,042660,KR7042660001,KOSPI
한화투자증권,,003530,KR7003530003,KOSPI
한화투자증권우,,003535,KR7003531001,KOSPI
한화플러스제4호스팩,,455310,KR7455310003,KOSDAQ
한화플러스제5호스팩,,498390,KR7498390004,KOSDAQ
해성디에스,,195870,KR7195870001,KOSPI
해성산업,,034810,KR7034810002,KOSDAQ
해성산업1우,,03481K,KR703481K019,KOSDAQ
해성에어로보틱스,,059270,KR7059270009,KOSDAQ
해성옵틱스,,076610,KR7076610005,KOSDAQ
해태제과식품,,101530,KR7101530004,KOSPI
핸디소프트,,220180,KR7220180004,KOSDAQ
핸즈코퍼레이션,,143210,KR7143210003,KOSPI
헥토이노베이션,,214180,KR7214180002,KOSDAQ
헥토파이낸셜,,234340,KR7234340008,KOSDAQ
헬릭스미스,,084990,KR7084990001,KOSDAQ
현대ADM,,187660,KR7187660006,KOSDAQ
현대건설,,000720,KR7000720003,KOSPI
현대건설우,,000725,KR7000721001,KOSPI
현대공업,,170030,KR7170030001,KOSDAQ
현대그린푸드,,453340,KR7453340002,KOSPI
현대글로비스,,086280,KR7086280005,KOSPI
현대로템,,064350,KR7064350002,KOSPI
현대리바트,,079430,KR7079430005,KOSPI
현대모비스,,012330,KR7012330007,KOSPI
현대무벡스,,319400,KR7319400008,KOSDAQ
현대바이오,,048410,KR7048410005,KOSDAQ
현대바이오랜드,,052260,KR7052260007,KOSDAQ
현대백화점,,069960,KR7069960003,KOSPI
현대비앤지스틸,,004560,KR7004560009,KOSPI
현대사료,,016790,KR7016790008,KOSDAQ
현대약품,,004310,KR7004310009,KOSPI
현대에버다임,,041440,KR7041440009,KOSDAQ
현대에이치티,현대HT,039010,KR7039010004,KOSDAQ
현대엘리베이터,,017800,KR7017800004,KOSPI
현대오토에버,,307950,KR7307950006,KOSPI
현대위아,,011210,KR7011210002,KOSPI
현대이지웰,,090850,KR7090850009,KOSDAQ
현대제철,,004020,KR7004020004,KOSPI
현대지에프홀딩스,,005440,KR7005440003,KOSPI
현대차,,005380,KR7005380001,KOSPI
현대차2우B,,005387,KR7005382007,KOSPI
현대차3우B,,005389,KR7005383005,KOSPI
현대차우,,005385,KR7005381009,KOSPI
현대차증권,,001500,KR7001500008,KOSPI
현대코퍼레이션,,011760,KR7011760006,KOSPI
현대코퍼레이션홀딩스,,227840,KR7227840006,KOSPI
현대퓨처넷,,126560,KR7126560002,KOSPI
현대해상,,001450,KR7001450006,KOSPI
현대홈쇼핑,,057050,KR7057050007,KOSPI
현대힘스,,460930,KR7460930001,KOSDAQ
현우산업,,092300,KR7092300003,KOSDAQ
형지I&C,,011080,KR7011080009,KOSDAQ
형지글로벌,,308100,KR7308100007,KOSDAQ
형지엘리트,,093240,KR7093240000,KOSPI
혜인,,003010,KR7003010006,KOSPI
호전실업,,111110,KR7111110003,KOSPI
호텔신라,,008770,KR7008770000,KOSPI
호텔신라우,,008775,KR7008771008,KOSPI
홈캐스트,,064240,KR7064240005,KOSDAQ
화성밸브,,039610,KR7039610001,KOSDAQ
화승알앤에이,,378850,KR7378850002,KOSPI
화승엔터프라이즈,,241590,KR7241590009,KOSPI
화승인더,,006060,KR7006060008,KOSPI
화승코퍼레이션,,013520,KR7013520002,KOSPI
화신,,010690,KR7010690006,KOSPI
화신정공,,126640,KR7126640002,KOSDAQ
화인베스틸,,133820,KR7133820001,KOSPI
화인써키트,,127980,KR7127980001,KOSDAQ
화일약품,,061250,KR7061250007,KOSDAQ
화천기계,,010660,KR7010660009,KOSPI
화천기공,,000850,KR7000850008,KOSPI
환인제약,,016580,KR7016580003,KOSPI
황금에스티,,032560,KR7032560005,KOSPI
효성,,004800,KR7004800009,KOSPI
효성ITX,,094280,KR7094280005,KOSPI
효성오앤비,,097870,KR7097870000,KOSDAQ
효성중공업,,298040,KR7298040007,KOSPI
효성티앤씨,효성 TNC/효성TNC,298020,KR7298020009,KOSPI
효성화학,,298000,KR7298000001,KOSPI
후성,,093370,KR7093370005,KOSPI
휴네시온,,290270,KR7290270008,KOSDAQ
휴니드,,005870,KR7005870001,KOSPI
휴럼,,353190,KR7353190002,KOSDAQ
휴림로봇,,090710,KR7090710005,KOSDAQ
휴림에이텍,,078590,KR7078590007,KOSDAQ
휴마시스,,205470,KR7205470008,KOSDAQ
휴맥스,,115160,KR7115160004,KOSDAQ
휴맥스홀딩스,,028080,KR7028080000,KOSDAQ
휴먼테크놀로지,,175140,KR7175140003,KOSDAQ
휴메딕스,,200670,KR7200670008,KOSDAQ
휴비스,,079980,KR7079980009,KOSPI
휴비츠,,065510,KR7065510000,KOSDAQ
휴스틸,,005010,KR7005010004,KOSPI
휴엠앤씨,,263920,KR7263920001,KOSDAQ
휴온스,,243070,KR7243070000,KOSDAQ
휴온스글로벌,,084110,KR7084110006,KOSDAQ
휴젤,,145020,KR7145020004,KOSDAQ
흥구석유,,024060,KR7024060006,KOSDAQ
흥국,,010240,KR7010240000,KOSDAQ
흥국에프엔비,,189980,KR7189980006,KOSDAQ
흥국화재,,000540,KR7000540005,KOSPI
흥국화재우,,000545,KR7000541003,KOSPI
흥아해운,,003280,KR7003280005,KOSPI
희림,,037440,KR7037440005,KOSDAQ
힘스,,238490,KR7238490007,KOSDAQ
